idx	las	src	tgt	las_score_dbl	src_gt_8_words	tgt_gt_8_words	gpt_3_5_trans	gpt_4o_trans	ollama_trans
88	[[0.94008607]]	An additional program is required to open this type of file:	এই ধৰণৰ ফাইল খোলাৰ বাবে এটা অতিৰিক্ত এপ্লিকেচনৰ প্ৰয়োজন:	0.94008607	True	True	এই ধৰনৰ ফাইল খোলাৰ বাবে এটা অতিৰিক্ত প্ৰোগ্ৰাম প্ৰয়োজন।	এই প্ৰকাৰৰ ফাইল খোলাৰ বাবে এটা অতিৰিক্ত প্ৰগ্ৰামৰ প্ৰয়োজন।	এই ধৰণৰ ফাইল খোলাৰ বাবে অতিৰিক্ত প্ৰগ্ৰাম প্ৰয়োজন।
275	[[0.9518236]]	Is this website storing information on my computer?	এই ৱেবছাইটটোৱে মোৰ কম্পিউটাৰত তথ্য সঞ্চয় কৰি আছে নেকি?	0.9518236	False	True	এই ওয়েবচিটত মোৰ কম্পিউটাৰত তথ্য সংৰক্ষণ কৰি আছে নে?	এই ৱেবছাইটে মোৰ কম্পিউটাৰত তথ্য সংৰক্ষণ কৰি আছে নেকি?	এই ৱেবছাইটটো মোৰ কম্পিউটাৰত তথ্য সংৰক্ষণ কৰিছে নে?
318	[[0.9370712]]	These rules will remain in force until the area is declared safe under the regulations of the Ministry of Health and Family Welfare, Government of India.	ভাৰত চৰকাৰৰ স্বাস্থ্য আৰু পৰিয়াল কল্যাণ মন্ত্ৰালয়ৰ নিয়মাৱলীৰ আধাৰত এই এলেকা সুৰক্ষিত বুলি ঘোষণা নোহোৱা পৰ্যন্ত এই নিয়ম সমূহ বাহাল থাকিব ৷	0.9370712	True	True	এই নিয়মসমূহৰ প্ৰাধিকাৰ স্বাস্থ্য আৰু পৰিবাৰ কল্যাণ মন্ত্ৰালয়ৰ বিধিগত নিৰ্ধাৰিত দিশে সুৰক্ষিত কৰা প্ৰদেশত প্ৰভাৱৰ অধীনত থকাৰ সময়তে থাকিব।	এই নিয়মবোৰ প্ৰযোজ্য হৈ থাকিব যাতে সেই অঞ্চলক ভাৰত চৰকাৰৰ স্বাস্থ্য আৰু পৰিয়াল কল্যাণ মন্ত্ৰণালয়ৰ নীতি-নিয়মৰ অধীনত সুৰক্ষিত বুলি ঘোষণা কৰা হয়।	এই নিয়মসমূহ স্বাস্থ্য আৰু পৰিয়াল কল্যাণ মন্ত্ৰালয়, ভাৰত চৰকাৰৰ নিয়মাৱলী অনুসাৰে এলাকাটো নিৰাপদ ঘোষণা কৰা হয় নোৱাৰে বলবৎ থাকিব।
467	[[0.9070334]]	His father was Abdul Rahman Khan from Kandahar, Afghanistan while his mother was Iqbal Begum from Pishin, British India (now in Balochistan, Pakistan).	তেওঁৰ পিতৃ আব্দুল ৰহমান খান কান্দাহাৰ আৰু মাতৃ ইকবাল বেগম ব্ৰিটিছ ভাৰতৰ পিশ্বীনৰ (বৰ্তমান পাকিস্তানৰ বেলুচিস্থান) আছিল।	0.9070334	True	True	তেওৰ জনক আফগানিস্তানৰ কান্দাহাৰৰ আবদুল ৰহমান খান আৰু তেওৰ মা পিছিন, ব্ৰিটিশ ইণ্ডিয়াৰ (বাৰ্তমান বালোচিস্তান, পাকিস্তানত) ইকবাল বেগম হৈছিল।	তাঁৰ পিতা আছিল আফগানিস্তানৰ কান্দাহাৰৰ আব্দুল ৰহমান খান আৰু মাতৃ আছিল পিশিন, ব্রিটিছ ভাৰত (বৰ্তমান পাকিস্তানৰ বেলুচিস্তান)ৰ ইকবাল বেগম।	তাঁৰ দেউতাক আফগানিস্তানৰ কান্দাহাৰৰ আব্দুল ৰহমান খান আছিল, আনহাতে তাঁৰ মাক ব্ৰিটিছ ভাৰতৰ (এতিয়া পাকিস্তানৰ বালোচিস্তানত) পিশিনৰ ইকবাল বেগম আছিল।
710	[[0.900047]]	There is not sufficient memory to complete the action you requested.\n\nQuit some applications and try again.	আপুনি অনুৰোধ কৰা কাৰ্য্য সম্পূৰ্ণ কৰিবলৈ পৰ্যাপ্ত স্মৃতিশক্তি নাই।\n\nকিছুমান এপ্লিকেচন বাতিল কৰি পুনঃ চেষ্টা কৰক।	0.900047	True	True	আপুনি যে কাৰ্য্য কৰিবলৈ বিনামূলীয়া মেম'ৰি অপৰিপূৰ্ণ। কিছু অ্যাপ্প্লিকেশ্যন বন্ধ কৰি পুনৰ চেষ্টা কৰক।	"আপুনি অনুৰোধ কৰা কাৰ্যটো সম্পূৰ্ণ কৰিবলৈ পৰ্যাপ্ত মেম'ৰি নাই।

কিছুমান এপ্লিকেশ্বন বন্ধ কৰক আৰু পুনৰ চেষ্টা কৰক।"	আপোনাৰ অনুরোধ কৰা কাৰ্যটো সম্পূৰ্ণ কৰিবলৈ যথেষ্ট স্মৃতি নাই। কিছু এপ্লিকেচন বন্ধ কৰি পুনৰ চেষ্টা কৰক।
724	[[0.9035099]]	The High Speed Railway cooperation between India and Japan is a shining example of the strength of our cooperation.	ভাৰত-জাপানৰ মাজত দ্ৰুত গতিৰ ৰে’লপথৰ সহযোগিতা, আমাৰ শক্তিশালী সহযোগিতাৰ এক উজ্জল নিদৰ্শন।	0.9035099	True	True	ভাৰত আৰু জাপানৰ নমোনাৰ উঁচৰ দৰিয়া পথাৱলী সহযোগ এটা আমাৰ সহযোগৰ শক্তিৰ এটা উজ্জ্বল উদাহৰণ।	ভারত আৰু জাপানৰ মাজৰ উচ্চ গতিবেগী ৰেলৱে সহযোগিতা আমাৰ সহযোগিতাৰ শক্তিৰ এটা উজ্বল উদাহৰণ।	ভাৰত আৰু জাপানৰ উচ্চ গতি ৰেলৱে সহযোগিতা আমাৰ সহযোগিতাৰ শক্তিৰ এক দীপ্ত উদাহৰণ।
851	[[0.91137]]	In his address, the Prime Minister congratulated all the members of the committee for creative and practical suggestions.	ভাষণত প্ৰধানমন্ত্ৰীয়ে কমিটিৰ সকলো সদস্যক তেওঁলোকৰ সৃষ্টিশীল আৰু ব্যৱহাৰিক পৰামৰ্শসমূহৰ বাবে অভিনন্দন জ্ঞাপন কৰে৷	0.91137	True	True	তেওৰ ঠিকনাত, প্ৰধানমন্ত্ৰীয়ে সৃষ্টিকৌশল আৰু প্ৰয়োজনীয় সুপারিশসমূহ কৰা কমিটীৰ সদস্যসকলক অভিনন্দন জনালে।	তেওঁৰ ভাষণত, প্ৰধানমন্ত্ৰীয়ে সৃষ্টিশীল আৰু কাৰ্যকৰী প্ৰস্তাৱসমূহৰ বাবে সমিতিৰ সকলো সদস্যক অভিনন্দন জনাইছিল।	তেওঁৰ ভাষণত, প্ৰধানমন্ত্ৰীয়ে সমিতিৰ সকলো সদস্যক স্ৰেষ্ঠ আৰু ব্যৱহাৰিক পৰামৰ্শৰ বাবে অভিনন্দন জনাইছিল।
1009	[[0.93731403]]	Do you want to create a new archive with these files?	এই ফাইলসমূহ সহ এটা নতুন আৰ্কাইভ সৃষ্টি কৰিব নেকি ?	0.93731403	True	True	আপুনি ইয়াত ফাইলসমূহে এটাৰ সৈতে এটা নতুন আৰ্কাইভ সৃষ্টি কৰিব বিচাৰে?	আপুনি এই ফাইলবোৰৰ সৈতে এখন নতুন সংৰক্ষিত নথিপত্ৰ সৃষ্টি কৰিব বিচাৰে নেকি?	এই ফাইলসমূহৰ সৈতে নতুন আৰ্কাইভ সৃষ্টি কৰিব খোজে?
1016	[[0.9362377]]	It also grants the right to proper medical treatment and care.	তাৰ লগতে সঠিক চিকিৎসা তথা যত্ন লাভ কৰাৰ অধিকাৰো প্ৰদান কৰে ।	0.9362377	True	True	এটা সঠিক চিকিৎসা আৰু যত্নত অধিকাৰ দিয়ে।	ইয়াত লগতে সঠিক চিকিৎসা আৰু যত্নৰ অধিকাৰ প্ৰদান কৰে।	ইয়াতো সঠিক চিকিৎসা আৰু যত্ন প্ৰদান কৰাৰ অধিকাৰও প্ৰদান কৰে।
1161	[[0.9184231]]	It's not yet clear how the fire broke out.	অগ্নিকাণ্ডৰ সূত্ৰপাত কেনেকৈ ঘটিল সেয়া এতিয়াও জানিব পৰা হোৱা নাই।	0.9184231	True	True	আগবুলি চোৱাৰ হোৱা এতিয়া পৰিস্থিতি স্পষ্ট হৈ নাই।	এই জুই কেনেকৈ লাগিল সেইটো এতিয়াও স্পষ্ট নহয়।	আগৰ অগ্নি কেনেকৈ লাগিছিল স্পষ্ট নহয়।
1176	[[0.9150374]]	The Prime Minister said that India, and especially the Ministry of External Affairs, has done significant humanitarian work in the last two years.	প্ৰধানমন্ত্ৰীয়ে কয় যে ভাৰতে আৰু বিশেষকৈ বৈদেশিক পৰিক্ৰমা মন্ত্ৰালয়ে বিগত দুবছৰত কেতবোৰ গুৰুত্বপূৰ্ণ মানৱতাবাদী কাৰ্য সম্পাদন কৰিছে।	0.9150374	True	True	প্ৰধানমন্ত্ৰী বলিছে যে, ভাৰত, আৰু বিশেষভাৱে বাহ্যিক বিষয়ক মন্ত্ৰালয়, গত দুই বছৰত উৎকৃষ্ট মানৱতান্ত্ৰিক কাম কৰিছে।	প্ৰধানমন্ত্ৰীয়ে কৈছিল যে ভাৰত, বিশেষকৈ বৈদেশিক ব্যৱসায় মন্ত্ৰণালয়ে, বিগত দুবছৰত গুৰুত্বপূৰ্ণ মানৱীয় কাৰ্যসাধন কৰিছে।	প্ৰধানমন্ত্ৰীয়ে কয় যে ভাৰত, আৰু বিশেষকৈ বাহ্যিক সম্পৰ্ক মন্ত্ৰালয়ে, গত দুবছৰত উল্লেখযোগ্য মানৱতাবাদী কাম কৰিছে।
1211	[[0.90130484]]	I call upon the youth, the trading community, and farmers to connect with BHIM as much as possible.	মই যুৱপ্ৰজন্ম, ব্যৱসায়ী সমাজ আৰু কৃষকসকলক এই বি এইচ আই এমৰ সৈতে যিমান পাৰে সিমান জড়িত হ’বলৈ আহ্বান জনাইছো।	0.90130484	True	True	মই যুৱাক, ব্যবসায়ী সমূহ আৰু কৃষক সম্পৰ্ক কৰিবলৈ অনুৰোধ কৰিছো যেনে BHIM শক্ত জড়িত কৰিব।	মই যুৱক, বাণিজ্যিক সমাজ আৰু কৃষকসকলক আহ্বান জনাইছোঁ যাতে তেওঁলোকে যত পৰ্যন্ত সম্ভৱ BHIMৰ সৈতে সংযুক্ত হয়।	ভিমৰ লগত যথাসম্ভৱ সংযোগ কৰিবলৈ যুৱ সমাজ, ব্যৱসায়ী সমাজ আৰু কৃষকসকলক আহ্বান কৰো।
1357	[[0.9244492]]	"""""""and added, """"""""I hope that her immortal voice will motivate other artists to practice the right Punjabi folk music tradition""""""""."""""""	"""""""আৰু যোগ দিছিল, """"""""মই আশা কৰোঁ তেওঁৰ অমৰ কণ্ঠ অন্যান্য শিল্পীসকলোৰ সঠিক পঞ্জাবী লোক সংগীতৰ ঐতিহ্য অনুশীলন কৰিবলৈ অনুপ্ৰাণিত কৰিব।"""""""	0.9244492	True	True	"আৰু যোগ কৰিছে, ""মই আশা কৰো যে তেওৰ অমৰ স্বৰ অন্যান্য কলাকাৰসকলে সৎ পঞ্জাবী লোকসংগীৎৰ পৰ্যাপ্ত অনুশাসন কৰিব পাৰে।"""""""""	""""""" আৰু তেওঁ যোগ কৰিলে, """"""""মই আশা কৰোঁ যে তেওঁৰ অমৰ কণ্ঠই অন্য শিল্পীক সঠিক পাঞ্জাবী লোক সংগীত পৰম্পৰা অনুশীলন কৰিবলৈ প্ৰেৰণা যোগাব""""""""."""""""	"""আৰু যোগ কৰি কৈছে, """"আশা কৰো যে তাইৰ অমৰ কণ্ঠস্বৰে অন্য শিল্পীসকলক সঠিক পঞ্জাবী লোক সংগীত পৰম্পৰা অনুশীলন কৰিবলৈ প্ৰেৰণা দিব"""""""""
1753	[[0.9372356]]	Sorry, that didn't work. Please try again.	ক্ষমা কৰিব, সেয়া কাম নকৰিলে। অনুগ্ৰহ কৰি পুনৰ চেষ্টা কৰক।	0.9372356	False	True	দুঃখিত, এইটো কাম কৰিছে নাই। অনুগ্ৰহ কৰি পুনৰ চেষ্টা কৰক।	ক্ষমা কৰক, সেইটো কাম নকৰিলে। অনুগ্ৰহ কৰি পুনৰ চেষ্টা কৰক।	সৰি থাকিব, সেইটো কাম কৰিলে নাই। আকৌ এবাৰ চেষ্টা কৰক।
1855	[[0.91449594]]	We plant and water, but God makes it grow	আমি শস্য ৰোৱা আৰু পানী দিয়া কাৰ্য্য কৰোঁ, কিন্তু ঈশ্বৰহে ইয়াক বৃদ্ধি কৰে	0.91449594	True	True	আমি কৰিম আৰু পানী দিম, পৰা তেনে বঢ়ি যায়।	আমরা গছোঁ আৰু পানী দিওঁ, কিন্তু ঈশ্বৰে ইয়াক বৃদ্ধি কৰে।	আমি লগাই আৰু পানী দিয়া, কিন্তু ঈশ্বৰেই ইয়াক বাঢ়াই।
2018	[[0.90956473]]	The chosen sound will be played when a new voice mail is received, if enabled	নিৰ্বাচিত ধ্বনি নতুন ভইচ মেইল আহিলে বজোৱা হ'ব, যদি সক্ৰিয়	0.90956473	True	True	এটা নিৰ্বাচিত শব্দ প্ৰদৰ্শন কৰা হব যদি এটা সক্ৰিয় হ'য়।	বাছনি কৰা শব্দটো বজাব যেতিয়া এটা নতুন ভইচ মেইল লাভ কৰা হয়, যদি সক্ৰিয় কৰা হয়।	নিৰ্বাচিত শব্দটো নতুন ভয়চ মেইল প্ৰাপ্ত হ'লে সক্ষম কৰা হ'লে বজাই যাব।
2406	[[0.9174291]]	Allows you to share your desktop so other people can view it or provide remote assistance.	আপোনাৰ ডেস্কটপ অংশীদাৰী কৰাৰ অনুমতি দিয়ে যাতে অন্য মানুহে ইয়াক দৰ্শন কৰিব পাৰে অথবা দূৰৱৰ্তী সহায় প্ৰদান কৰিব পাৰে।	0.9174291	True	True	আপোনাৰ ডেকটপটো ভাগ কৰিবলৈ অন্যানহলৰ বাবে দেখিব বা দূৰসহায় প্ৰদান কৰিব পৰায়।	এইটো আপোনাক আপোনাৰ ডেস্কটপ শ্বেয়াৰ কৰিবলৈ অনুমতি দিয়ে যাতে অন্য লোকে তাক চাইবা পাৰে বা দূৰৱৰ্তী সহায়তা প্ৰদান কৰিব পাৰে।	আপোনাৰ ডেস্কটপ অন্য লোকক দেখুৱাবলৈ বা দূৰবৰ্তী সহায়তা প্ৰদান কৰিবলৈ অনুমতি দিয়ে।
2408	[[0.90822995]]	The update could not be installed. Please make sure there are no other copies of %S running on your computer, and then restart %S to try again.	আপডেইট ইনস্টল কৰিব পৰা নাযায়। নিশ্চিত কৰক যে আপোনাৰ কমপিউটাৰত %S ৰ কোনো কপি চলি থকা নাই, আৰু তাৰ পিছত পুনঃ চেষ্টা কৰিবলৈ %S পুনাৰম্ভ কৰক।	0.90822995	True	True	আপডেটটো ইনষ্টল কৰা নগ'ল। অনুগ্ৰহ কৰি আপোনাৰ কম্পিউটাৰত অন্য কোনো %Sৰ কপি চলি নাই আৰু পিছত আহাৰি কৰিবলৈ %Sৰ পুনৰ আৰম্ভ কৰক।	সংশোধনটো স্থাপন কৰিব পৰা নাছিল। অনুগ্ৰহ কৰি নিশ্চিত কৰক যে আপোনাৰ কম্পিউটাৰত %S ৰ আন ক'তবাও কপিৰ চলি থকা নাই, আৰু তাৰ পিছত %S পুনৰ আৰম্ভ কৰি পুনৰ চেষ্টা কৰক।	আপডেটটো ইনস্টল কৰিব নোৱাৰিলে। আপুনি আপোনাৰ কম্পিউটাৰত %S-ৰ অন্য কোনো কপি চলি নাথাকে নিশ্চিত কৰক, আৰু তাৰ পাছত %S-ক পুনৰ চেষ্টা কৰিবলৈ পুনৰ আৰম্ভ কৰক।
3082	[[0.908819]]	The MoU will be signed between Ministry of Water Resources, River Development and Ganga Rejuvenation, Government of India and the Ministry of Interior, Government of Hungary.	ভাৰত চৰকাৰৰ জল সম্পদ, নদী উন্নয়ন আৰু গংগা পুনৰুজ্জীৱিতকৰণ মন্ত্ৰালয় আৰু হাংগেৰীৰ আভ্যন্তৰীণ মন্ত্ৰালয়ৰ মাজত এই বুজাবুজি চুক্তি স্বাক্ষৰিত হ’ব।	0.908819	True	True	মোউ সৈকধি দিয়া হ'ব য়াকেত জলসমূহ মন্ত্রালয়, নদী উন্নয়ন আৰু গঙা পুনৰুৎথান, ভাৰতৰ চৰকাৰ আৰু অভ্যন্তৰীয় মন্ত্রালয়, হাঙ্গেৰীৰ চৰকাৰ দ্বাৰা হবে।	মেমৰেণ্ডাম অব আণ্ডাৰষ্টেণ্ডিংখন ভাৰত চৰকাৰৰ জল সম্পদ, নদী উন্নয়ন আৰু গংগা পুনৰুজ্জীৱন মন্ত্ৰ্যালয় আৰু হাংগেৰী চৰকাৰৰ অভ্যন্তৰীণ মন্ত্ৰ্যালয়ৰ মাজত স্বাক্ষৰিত হ'ব।	ভাৰত চৰকাৰৰ জল সম্পদ, নদী উন্নয়ন আৰু গংগা পুনৰ্জীৱন মন্ত্ৰালয় আৰু হাংগেৰী চৰকাৰৰ অন্তৰ্বিভাগ মন্ত্ৰালয়ৰ মাজত এক সমঝোতা স্মাৰক স্বাক্ষৰিত হ'ব।
3325	[[0.90722334]]	After you computer turns off, switch it back on. Did your open applications re-open?	আপোনাৰ কমপিউটাৰ বন্ধ হোৱাৰ পিছত, ইয়াক পুনৰ আৰম্ভ কৰিব। আপোনাৰ খোলা এপ্লিকেচনসমূহ আকৌ খোলিছিল নেকি?	0.90722334	True	True	তুমাৰ কম্পিউটাৰ বন্ধ হৈ গৈছে পিছত পুনৰ চালু কৰক। তোমাৰ খোলা কাৰ্যকলাপসমূহ পুনৰ খোলা হৈছে নে?	আপোনাৰ কম্পিউটাৰটো বন্ধ হোৱাৰ পিছত, পুনৰ বন্ধা কৰক। আপোনাৰ মুকলী কৰা এপ্লিকেশ্বনবোৰ পুনৰ মুকলী হ’ল নেকি?	আপোনাৰ কম্পিউটাৰ বন্ধ হ'লে, ইয়াক পুনৰ চালু কৰা। আপুনি খোলা এপ্লিকেচনসমূহ পুনৰ খুলিলে?
3522	[[0.90442836]]	Hitesh Kakati is a retired teacher who lives with his wife Manorama Kakati happily in a small town.	অৱসৰপ্ৰাপ্ত শিক্ষক হিতেশ কাকতিয়ে তেখেতৰ পত্নী মনোৰমা ককতিৰ সৈতে সৰু চহৰ এখনত সুখেৰে বসবাস কৰে।	0.90442836	True	True	হিতেশ কাকতি হ'ল এটা অবসরপ্রাপ্ত শিক্ষক যিহেতীয়া তোৰ স্ত্ৰী মনৰমা কাকতিৰ সৈতে সুখীভাৱে এটা চাল গাওঁত থাকে।	হিতেশ কাকতি এগৰাকী অৱসৰপ্ৰাপ্ত শিক্ষক যি তেওঁৰ পত্নী মনোৰমা কাকতিৰ সৈতে সুখেৰে এখন সৰু চহৰত বাস কৰে।	হিতেশ কাকতি একজন অবসৰা শিক্ষক যি তাইৰ পত্নী মনোৰমা কাকতিৰ লগত এখন সৰু নগৰত সুখেৰে বাস কৰে।
3604	[[0.90345395]]	The four historical traditions in geographical research are spatial analyses of natural and the human phenomena, area studies of places and regions, studies of human-land relationships, and the Earth sciences.	ভূগোলৰ গৱেষণাৰ চাৰিটা পৰম্পৰাগত ভাগ হৈছে প্ৰকৃতি আৰু মানৱ পৰিঘটনাৰ বিশ্লেষণ, ভূমি অধ্যয়ন (স্থান), মানুহ-ভূমিৰ সম্পৰ্কৰ অধ্যয়ন, আৰু ভূ বিজ্ঞানৰ গৱেষণা।	0.90345395	True	True	ভূগোলীয় গবেষণাত চারটা ঐতিহাসিক পারম্পরিক ধৰণ আছে যেনেৰাও প্ৰাকৃতিক আৰু মানৱীয় ঘটনাসমূহৰ ঠাকনাসমূহ, স্থান আৰু অঞ্চলৰ অধ্যয়ন, মানৱ-ভূমি সম্পৰ্কৰ গবেষণা, আৰু পৃথিবী বিজ্ঞান।	ভৌগোলিক গৱেষণাৰ চাৰিখন ঐতিহাসিক পৰম্পৰা হৈছে প্ৰাকৃতিক আৰু মানৱিক ঘটনাৰ স্থানীয় বিশ্লেষণ, স্থান আৰু অঞ্চলৰ ক্ষেত্র অধ্যয়ন, মানৱ-ভূমি সম্পৰ্কৰ অধ্যয়ন, আৰু পৃথিৱী বিজ্ঞান।	ভূ-অনুসন্ধানত চাৰি ঐতিহাসিক পৰম্পৰা হ'ল প্ৰাকৃতিক আৰু মানৱীয় ঘটনাৰ স্থানিক বিশ্লেষণ, স্থান আৰু অঞ্চলৰ অধ্যয়ন, মানৱ-ভূমি সম্পৰ্কৰ অধ্যয়ন আৰু পৃথিৱী বিজ্ঞান।
3657	[[0.91498685]]	Selection Process: The selection will be on the basis of interview.	নিৰ্বাচন প্ৰক্ৰিয়া : প্ৰাৰ্থীক সাক্ষাৎকাৰৰ জৰিয়তে নিৰ্বাচন কৰা হ’ব ।	0.91498685	True	True	বাছনি প্ৰক্ৰিয়া: বাছনিটো ইন্টাৰভিউৰ আধাৰত কৰা হ'ব।	নিৰ্ব্বাচন প্ৰক্ৰিয়া: নিৰ্ব্বাচন সাক্ষাৎকাৰৰ আধাৰত হ'ব।	নিৰ্বাচন প্ৰক্ৰিয়া: সাক্ষাৎকাৰৰ আধাৰত নিৰ্বাচন হ'ব।
3909	[[0.90991724]]	We have to remember that, despite all the resources at our disposal, whenever Indian society has been divided, whenever there have been internal conflicts, external enemies have taken advantage.	আমি মনত ৰাখিব লাগিব যে আমাৰ ইমান সম্পদ থকা সত্ত্বেও যেতিয়াই ভাৰতীয় সমাজত বিভাজন দেখা দিছে, যেতিয়াই আমি আভ্যন্তৰীণ সংঘাতত লিপ্ত হৈছো, তেতিয়াই বহিৰাগত শত্রুসকলে তাৰ সুবিধা লৈছে।	0.90991724	True	True	আমাৰ পুৰচৰ সকলৰ ব্যৱস্থা থকাৰ পৰা মন ধৰি নাওক, ভাৰতীয় সমাজ ভাগ হোৱা সময়ত, অন্তৰ্নিহিত বিৰোধত থকাৰ সময়ত, বাহিৰি শত্ৰুসকল লাভ লৈছে।	আমাৰ মনত ৰাখিব লাগিব যে, আমাৰ হাতত থকা সকলো উপায়-সাধনৰ পাছতো, যেতিয়া যেতিয়া ভাৰতীয় সমাজ বিভাজিত হৈছে, যেতিয়া অন্তঃকলহ হোৱা হৈছে, বহিঃশত্ৰুৱে তাৰ সুবিধা লৈছে।	আমি সকলো সম্পদ থাকিও ভাৰতীয় সমাজ বিভক্ত হোৱাৰ সময়ত, আন্তঃসংঘাত হোৱাৰ সময়ত, বাহ্যিক শত্ৰুসকলে সুযোগ লৈছে।
4288	[[0.900953]]	Excerpts of the PM's inaugural address in eleventh Inter-State Council Meeting at New Delhi	নতুন দিল্লীত একাদশ আন্তঃৰাজ্যিক পৰিষদীয় বৈঠকত প্ৰধানমন্ত্ৰীৰ উদ্বোধনী ভাষণৰ বক্তব্য	0.900953	True	True	দিল্লীত অনুষ্ঠিত একাদশ অংতর-রাজ্যীয় পরিষদ সভায় প্ৰধানমন্ত্ৰীৰ উদ্ঘাটনৰ ঠিকনাৰি উল্লেখৰ সংবাদাংশ।	প্ৰধানমন্ত্ৰীৰ দ্বাৰা নতুন দিল্লীত একাদশ আন্তঃৰাজ্য পৰিষদৰ বৈঠকৰ উদ্বোধনী ভাষণৰ উদ্ধৃতি।	নয়ডা দিল্লীত একাদশ অন্তঃৰাজ্য পৰিষদৰ একাদশ সভাত প্ৰধানমন্ত্ৰীৰ উদ্বোধনী ভাষণৰ উদ্ধৃতি
4332	[[0.90398]]	It is important for us to know the answers to these questions.	আমাৰ বাবে এই প্ৰশ্নসমূহৰ উত্তৰ জনাটো অতি আৱশ্যক ।	0.90398	True	True	এই প্ৰশ্নসমূহৰ উত্তৰ জানিব মোৰ বাবে গুৰুত্বপূৰ্ণ।	এই প্ৰশ্নবোৰৰ উত্তৰ আমাৰ বাবে জনাটো জৰুৰী।	এই প্ৰশ্নসমূহৰ উত্তৰসমূহ আমাৰ জানিবলৈ প্ৰয়োজনীয়।
4555	[[0.90084004]]	"""""""Mouse button to activate the """"""""Forward"""""""" command in browser window"""""""	"""""""ব্ৰাউজাৰ উইন্ডোত """"""""আগলৈ"""""""" কমান্ড সক্ৰিয় কৰাৰ বাবে মাউছ বুটাম"""""""	0.90084004	True	True	"ইয়াত ব্ৰাউজাৰ উইণ্ডোত """"""""ফৰৱাৰ্ড"""""""" কমান্ড সক্ৰিয় কৰিবলৈ মাউচ বুটাম।"	"ব্ৰাউজাৰ উইণ্ডোৰ """"""""ফৰৱাৰ্ড"""""""" নিৰ্দেশনা সক্ৰিয় কৰিবলৈ মাউচ বুটাম।"	"""ব্ৰাউজাৰ উইন্ডোত """"ফৰৱাৰ্ড"""" আদেশ সক্ৰিয় কৰিবলৈ মাউচ বাটন"""
4591	[[0.91584]]	It is suspected that due to food poisoning, the vultures died.	সন্দেহ কৰা মতে খাদ্যত হোৱা বিষক্ৰিয়াৰ বাবে হাতীজনীৰ মৃত্যু হৈছে।	0.91584	True	True	খাদ্য বিষাক্ততাৰ কাৰণে আগালোৱা মুৰাগবাহকসকল মাৰিছে বিচাৰা হয়।	খাদ্য বিষাক্ৰিয়াৰ ফলত গৃধ্ৰবোৰৰ মৃত্যু হৈছিল বুলি সন্দেহ কৰা হৈছে।	আহাৰ বিষক্ৰিয়াৰ বাবে গৰুড়ে মৃত্যু হোৱা সন্দেহ কৰা হৈছে।
4763	[[0.90825224]]	Our capacities and needs in the fields of vocational, technical and professional education complement each other, and can benefit both our people.	বৃত্তিমুলক, কাৰিকৰী আৰু প্রযুক্তিগত তথা পেশাদাৰিত্বমূলক শিক্ষাৰ ক্ষেত্ৰত আমাৰ চাহিদা আৰু ক্ষমতা পৰস্পৰৰ পৰিপূৰক আৰু সেইটোৰ পৰা দয়ো দেশৰ জনসাধাৰণেই লাভবান হ’ব পাৰিব।	0.90825224	True	True	আমাৰ ক্ষমতা আৰু আৱশ্যকতা পেশাগত, প্রযুক্তিগত আৰু পেশাৰ শিক্ষাৰ ক্ষেত্ৰত এটা এটাকৈ সম্পূৰক, আৰু আমাৰ জনতালৈ উপকাৰ কৰিব পাৰে।	আমাৰ বৃত্তিগত, প্ৰযুক্তিগত আৰু বৃত্তিসন্মত শিক্ষাৰ ক্ষেত্ৰত সক্ষমতা আৰু প্ৰয়োজনসমূহ পৰস্পৰক পৰিপূৰক, আৰু ই আমাৰ উভয়ৰ লোকৰ বাবে লাভদায়ক হ'ব পাৰে।	আমাৰ ব্যৱসায়িক, কাৰিকৰী আৰু পেচাগত শিক্ষাৰ ক্ষেত্ৰত আমাৰ সামৰ্থ্য আৰু প্ৰয়োজনসমূহ পৰস্পৰ পূৰক হয়, আৰু আমাৰ লোকসকলৰ উভয়কে লাভ কৰিব পাৰে।
4777	[[0.9395727]]	Unable to get the '%s' key inside the dictionary source definition: %s	অভিধান উৎসেৰ সংজ্ঞাত '%s' চাবি প্ৰাপ্ত কৰিবলৈ ব্যৰ্থ: %s	0.9395727	True	True	ডিকশনেৰীৰ উৎস সংজ্ঞাত '%s' কী অধিগ্ৰহণ কৰিব পৰা নাই: %s	ডিক্‌শ্য্‌নাৰী উৎস সংজ্ঞাটোত '%s' চাবিটো লাভ কৰিবলৈ অসমর্থ: %s	ডিক্শনারি সোর্স সংজ্ঞাৰ ভিতৰত '%s' কি পাব নোৱাৰি: %s
5546	[[0.9101193]]	Color target files are needed to convert the image to a color profile.	ছবিটোক এটা ৰঙৰ আলেখ্যলে পৰিবৰ্তন কৰিবলে ৰঙৰ লক্ষ্য ফাইলসমূহৰ প্ৰয়োজন।	0.9101193	True	True	ছবিৰ এটা রং প্ৰফাইললৈ প্ৰকাৰৰ হোৱাটো নামব লাগিব যেন রং লক্ষ্য ফাইলসমূহ থাকে।	ৰঙৰ প্ৰফাইলত ছবিখন ৰূপান্তৰ কৰিবলৈ ৰঙৰ লক্ষ্য ফাইলসমূহৰ প্ৰয়োজন।	ৰং লক্ষ্য ফাইলসমূহ এটা চিত্ৰকে ৰং প্ৰফাইললৈ সংৱৰ্তন কৰিবলৈ প্ৰয়োজন।
5686	[[0.9103563]]	Following the war, researchers became interested in a variety of social problems, including issues of gender and racial prejudice.	যুদ্ধৰ পিছত, গৱেষকসকলে বিভিন্ন সামাজিক সমস্যাৰ প্ৰতি আগ্ৰহী হ'ব ধৰিলে, যাৰ ভিতৰত আছে লিঙ্গ আৰু জাতিগত বৈষম্যৰ বিষয়।	0.9103563	True	True	যুদ্ধৰ পাছত গবেষকসকলে লিংগৰ আৰু নৃশংসতা বৈষম্যৰ সমস্যাবোৰ বিষয়ে আগ্ৰহী হৈছিল।	যুদ্ধৰ পাছত, গৱেষকসকলে লিংগ আৰু জাতিগত গাঁঠিৰ সমস্যাসহ বিভিন্ন সমাজগত সমস্যাত আগ্ৰহী হৈ পৰিছিল।	যুদ্ধৰ পিছত, গৱেষকসকলে লিঙ্গ আৰু জাতিগত পক্ষপাতৰ সমস্যাসমূহৰ ভিতৰত বিভিন্ন সামাজিক সমস্যাত আগ্রহী হ'ল।
5881	[[0.95043457]]	The actual cause of the fire is still not known.	বৰ্তমানেও জানিব পৰা হোৱা নাই অগ্নিকাণ্ডৰ প্ৰকৃত কাৰণ ৷	0.95043457	True	True	অসলৰ কাৰণৰ বাবেত আৰুও জানে নাই।	আগ্নি সংযোগৰ প্ৰকৃত কাৰণটো এতিয়াও অজ্ঞাত।	আগ্নিৰ সঁচা কাৰণটো এতিয়াও জনা নাই।
5938	[[0.90463233]]	You can rename the file by changing this field. You can also rename a file outside the properties window. See .	আপুনি এই ফিল্ড পৰিবৰ্তন কৰি ফাইলক পুনৰ নামকৰণ কৰিব পাৰিব। আপুনি এটা ফাইলক বৈশিষ্ট্যসমূহ উইন্ডোৰ বাহিৰতো পুনৰ নামকৰণ কৰিব পাৰিব। চাওক।	0.90463233	True	True	আপুনি এই ক্ষেত্ৰটো সলনি কৰি ফাইলটো পুনৰ নামকৰণ কৰিব পাৰিব। আপুনি প্ৰপার্টীজ উইণ্ডোত বাহিৰে ফাইল পুনৰ নামকৰণ কৰিব পাৰে। চাওক।	আপুনি এই ক্ষেত্ৰটো সলনি কৰি ফাইলটোৰ নাম সলনি কৰিব পাৰে। আপুনি সম্পত্তিৰ সজুলি বাহিৰেও ফাইলৰ নাম সলনি কৰিব পাৰে। চাওক ।	এই ফিল্ডটো সলনি কৰি আপুনি ফাইলটোৰ নাম সলনি কৰিব পাৰে। আপুনি প্ৰপাৰ্টিজ ৱিণ্ডোৰ বাহিৰতো ফাইলটোৰ নাম সলনি কৰিব পাৰে। চাওক।
6007	[[0.929319]]	No data was received (please try again)	কোনো তথ্য পোৱা নগল (অনুগ্ৰহ কৰি আকৌ চেষ্টা কৰক)	0.929319	False	True	কোনো ডেটা প্ৰাপ্ত হৈ নাই (অনুগ্ৰহ কৰি পুনঃ চেষ্টা কৰক)।	কোনো তথ্য লাভ কৰা হোৱা নাই (অনুগ্ৰহ কৰি পুনৰ চেষ্টা কৰক)	কোনো ডাটা প্ৰাপ্ত হোৱা নাই (আকৌ চেষ্টা কৰক)
6022	[[0.9070435]]	"""""""Select the search option """"""""Show hidden files and folders"""""""""""""""	"""""""অনুসন্ধান কৰ্মৰ """"""""আড়াল কৰা নথিপত্ৰ আৰু ফোল্ডাৰ প্ৰদৰ্শন কৰা হ'ব"""""""" বিকল্প নিৰ্বাচন কৰক"""""""	0.9070435	True	True	"""গোপনীয় ফাইল আৰু ফ’ল্ডাৰ দেখুৱা বিকল্প বাছনি কৰক"""	"বিছনি বিকল্প ""লুকোৱা নথি আৰু ফ'ল্ডাৰসমূহ দেখুৱাওক"" চয়ন কৰক।"	"""চয়ন কৰক অনুসন্ধান বিকল্প """"লুকাই থকা ফাইল আৰু ফোল্ডাৰ"""""""""
6283	[[0.9188322]]	Unable to get the '%s' key inside the dictionary source definition file: %s	অভিধান উৎসেৰ সংজ্ঞাৰ নথিপত্ৰত '%s' চাবি প্ৰাপ্ত কৰিবলৈ ব্যৰ্থ: %s	0.9188322	True	True	ডিকশনাৰীৰ উৰ্দ্ধে সাৰ্চ ডেফিনিটন ফাইলত '%s' কী পাব নাই: %s	ডিক্‌শ্যনাৰী উৎস সংজ্ঞান ফাইলত '%s' চাবি পোৱা নাযায়: %s	ডিক্শনারি সোৰ্স ডেফিনিশন ফাইলত '%s' কি ভিতৰত পাব নোৱাৰি: %s
6350	[[0.9145678]]	The cause of the fire has not yet been known.	কি কাৰণত এই অগ্নিকাণ্ড সংঘটিত হ’ল সেয়া এই পৰ্যন্ত জানিব পৰা হোৱা নাই।	0.9145678	True	True	জ৬ৰাগৰ কাৰণটো ইতিমধ্যে জানা হৈ নাই।	আগনৰ কাৰণ এতিয়ালৈকে জানিব পৰা হোৱা নাই।	আগলৈ কাৰণ এতিয়ালৈ জনা নাই।
6828	[[0.93551934]]	He had no opportunity to get formal training.	তেওঁ কোনো আনুষ্ঠানিক শিক্ষা লাভ কৰাৰ সুযোগ পোৱা নাছিল।	0.93551934	False	True	ইয়াৰ কোনো সুযোগ নাই প্ৰয়োজন প্ৰশিক্ষণ লাভ কৰিবলৈ।	তাক আনুষ্ঠানিক প্ৰশিক্ষণ লাভ কৰাৰ কোনো সুযোগেই নাছিল।	তেওঁ আনুষ্ঠানিক প্ৰশিক্ষণ লাভ কৰাৰ সুযোগ নাছিল।
6881	[[0.91115254]]	This computer has only %s disk space remaining.	এই কম্পিউটাৰত অকল %s স্থান ডিস্কত অৱশিষ্ট আছে ।	0.91115254	False	True	এই কম্পিউটাৰত আৰুণ %s ডিস্ক স্থান বাকি আছে।	এই কম্পিউটাৰত কেৱল %s ডিছ্ক স্থান বাকী আছে।	এই কম্পিউটাৰত %s ডিস্ক স্থান মাত্ৰ বাকী আছে।
6923	[[0.9091602]]	Subjects such as Governance, Corruption, Public Enterprises, Government e-Marketplace, Health, Education, Skill Development, Agriculture, Transportation, National Integration, Water Resources, Swachh Bharat, Culture, Communication, and Tourism came up for discussion during the interactions.	বাৰ্তালাপ সময়ত আলোচিত হোৱা বিষয়সমূহৰ ভিতৰত প্ৰশাসন, দুৰ্নীতি, ৰাজহুৱা প্ৰতিষ্ঠান, চৰকাৰী ই-বজাৰ, স্বাস্থ্য, শিক্ষা, দক্ষতা বিকাশ, কৃষি, পৰিবহণ, ৰাষ্ট্ৰীয় সংহতি, জল সম্পদ, স্বচ্চ ভাৰত, সংস্কৃতি, যোগাযোগ আৰু পৰ্যটন উল্লেখযোগ্য।	0.9091602	True	True	শাসন, ভ্রষ্টাচার, সার্বজনীন উদ্যোগ, সরকারী ই-মার্কেটপ্লেস, স্বাস্থ্য, শিক্ষা, দক্ষতা উন্নয়ন, কৃষি, পরিবহন, জাতীয় ঐক্য, জলসম্পদ, স্বচ্ছ ভাৰত, সংস্কৃতি, যোগাযোগ, আৰু পৰ্যটনৰ বিষয়ে আলোচনাৰ বাবে উত্থান প্ৰাপ্ত হৈছিল।	আলোচনাৰ সময়ত শাসন, দুৰ্নীতি, ৰাজহুৱা উদ্যোগ, চৰকাৰী ই-মাৰ্কেটপ্লেচ, স্বাস্থ্য, শিক্ষা, কৌশল উন্নয়ন, কৃষি, পৰিবহণ, ৰাষ্ট্ৰীয় একতা, জল সম্পদ, স্বচ্ছ ভাৰত, সংস্কৃতি, যোগাযোগ আৰু পৰ্যটন যেনে বিষয়সমূহ আলোচনা কৰা হৈছিল।	সমাজ শাসন, দুর্নীতি, সাৰ্বজনীন উদ্যোগ, চৰকাৰী ই-মাৰ্কেটপ্লেচ, স্বাস্থ্য, শিক্ষা, দক্ষতা উন্নয়ন, কৃষি, পৰিবহণ, ৰাষ্ট্ৰীয় ঐক্য, জল সম্পদ, স্বচ্ছ ভাৰত, সংস্কৃতি, যোগাযোগ আৰু পৰ্যটন আলোচনাৰ সময়ত উত্থাপিত হৈছিল।
6950	[[0.94032824]]	Connection timed out. Please try again.	সংযোগৰ সময়সীমা উত্তীৰ্ণ হৈছে। অনুগ্ৰহ কৰি পুনঃ চেষ্টা কৰক।	0.94032824	False	True	সংযোগ সময় ওউট হৈছে। অনুগ্ৰহ কৰি পুনৰ চেষ্টা কৰক।	সংযোগৰ সময় শেষ। অনুগ্ৰহ কৰি পুনৰ চেষ্টা কৰক।	সংযোগ সময় শেষ হৈছে। আকৌ চেষ্টা কৰক।
7203	[[0.9105525]]	Your financial position will get strengthened and you will feel more secure.	আপোনাৰ বিত্তীয় অৱস্থা শক্তিশালী হব আৰু আপুনি অধিক সুৰক্ষিত অনুভৱ কৰিব।	0.9105525	True	True	আপোনাৰ আৰ্থিক অৱস্থা শক্তিশালী হ'ব আৰু আপুনি অধিক নিৰাপদ মন কৰিব।	আপোনাৰ আৰ্থিক অৱস্থান শক্তিশালী হ'ব আৰু আপুনি অধিক সুৰক্ষিত অনুভৱ কৰিব।	আপোনাৰ আৰ্থিক অৱস্থা সদৃঢ় হ'ব আৰু আপুনি অধিক নিৰাপদ অনুভৱ কৰিব।
7269	[[0.9258893]]	It is not known as to how the fire broke out.	অৱশ্যে কিদৰে অগ্নিকাণ্ড সংঘটিত হ’ল সেয়া ভালদৰে জানিব পৰা হোৱা নাই।	0.9258893	True	True	যেনে নাই ক’ কিমানে আগলৈ উদ্ধৃত হ’ল।	আগুন কেনেকৈ লাগিল সেয়া জনা হোৱা নাই।	আগনি কেনে লাগিল সে জনা নাই।
7429	[[0.92121005]]	The driver and conductor of the truck fled from the spot after the accident.	দুৰ্ঘটনা সংঘটিত কৰিয়েই ট্ৰাকখনৰ চালক আৰু পৰিচালকজন ঘটনাস্থলীৰ পৰা পলায়ন কৰে।	0.92121005	True	True	দুৰ্ঘটনাৰ পিছত ট্ৰাকৰ ড্ৰাইভাৰ আৰু কনডাক্টৰ ঠিকানাৰ পৰা পলাই গৈছিল।	দুৰ্ঘটনাৰ পাছত ট্ৰাকৰ চালক আৰু কণ্ডাক্টৰজনে সেই স্থানৰ পৰা পলাই গ'ল।	ড্ৰাইভাৰ আৰু কন্ডাক্টৰে দুৰ্ঘটনাৰ পিছত ঠাইৰ পৰা পলাই গ'ল।
7445	[[0.9090999]]	To add a such as a new phone number or email address, press and select the field that you want to add.	এটা যেনে এটা নতুন ফোন নম্বৰ অথবা ইমেইল ঠিকনা যোগ কৰিবলৈ টিপক আৰু আপুনি যোগ কৰিব খোজা ফিল্ড বাছক।	0.9090999	True	True	যেনেকৈ নতুন ফোন নম্বৰ অথবা ইমেইল ঠিকনা যোগ কৰিব লাগিলে, টিপি আৰু যোগ কৰিব বিচাৰা কৰক যেনে আপুনি যোগ কৰিব বিচাৰে।	এড কৰিবৰ বাবে নতুন ফোন নম্বৰ বা ইমেইল ঠিকনা, টিপক আৰু সেই ক্ষেত্ৰটো বাছনি কৰক যি আপুনি যোগ কৰিবলৈ বিচাৰে।	নতুন ফোন নম্বৰ বা ইমেইল ঠিকনা যোগ কৰিবলৈ, যি ক্ষেত্ৰ যোগ কৰিব বিচাৰিছে সেই ক্ষেত্ৰটো চাপি নিৰ্বাচন কৰক।
7463	[[0.9562539]]	Her mother was the granddaughter of Mahatma Gandhi and the oldest daughter of Manilal Gandhi.	তেওঁৰ মাতৃ মহাত্মা গান্ধীৰ নাতিনী আৰু মণিলাল গান্ধীৰ জ্যেষ্ঠ কন্যা আছিল।	0.9562539	True	True	তেওৰ মায়া মহাত্মা গান্ধীৰ পোৱা কুমাৰী আৰু মণিলাল গান্ধীৰ প্ৰথম কন্যা হৈছিল।	তেওঁৰ মাতৃ আছিল মহাত্মা গান্ধীৰ নাতিনী আৰু মণিলাল গান্ধীৰ জেষ্ঠা কন্যা।	তাইৰ মাক মহাত্মা গান্ধীৰ নাতিনী আৰু মনীলাল গান্ধীৰ জ্যেষ্ঠ কন্যা আছিল।
7618	[[0.9116762]]	He was a dancer, actor, singer, film director, producer and choreographer.	তেখেত আছিল একেধাৰে এগৰাকী চলচ্চিত্ৰ প্ৰযোজক, পৰিচালক, সঙ্গীত পৰিচালক, কণ্ঠশিল্পী, অভিনেতা আৰু চিত্ৰনাট্যকাৰ।	0.9116762	True	True	ইয়াৰে নৃত্যশিল্পী, অভিনেতা, গায়ক, চিত্ৰ প্ৰদৰ্শনকাৰী, উৎপাদক আৰু নৃত্যশিল্পী হিচাপ কৰা হৈছিল।	সিয়ে এজন নৃত্যশিল্পী, অভিনেতা, গায়ক, চলচ্চিত্ৰ পৰিচালক, প্ৰযোজক আৰু নৃত্য পৰিচালক আছিল।	সে এক নৃত্যশিল্পী, অভিনেতা, গায়ক, চলচ্চিত্র পরিচালক, প্ৰযোজক আৰু নৃত্য প্ৰশিক্ষক আছিল।
7660	[[0.9043698]]	Today a farmer can sell his produce online to any market in the country.	আজি কোনো এজন কৃষকে তেওঁৰ উৎপাদিত সামগ্ৰী দেশৰ যিকোনো এখন বজাৰতে বিক্ৰী কৰিব পাৰে।	0.9043698	True	True	আজি এটা কিষানে তৰবাৰ তথ্য অনলাইন তে দেওৱা যায় এবা দেশৰ কোনো বজাৰলৈ।	আজিকালি এগৰাকী কৃষকে তেঁওৰ উৎপন্ন সামগ্ৰী অনলাইনযোগে দেশৰ যিকোনো বজাৰত বিক্ৰী কৰিব পাৰে।	আজি এক খেতিয়াল দেশৰ যিকোনো বজাৰত তেওঁৰ উৎপাদন অনলাইনত বিক্ৰী কৰিব পাৰে।
7666	[[0.92747533]]	As a member of ICDP, scientists/engineers from India would have right to submit proposals, to participate in all ICDP co-funded workshops and drilling projects and have access to all data results from ICDP projects.	আইচিডিপিৰ সদস্য হিচাপে ভাৰতৰ বৈজ্ঞানিক/অভিযান্ত্ৰিকসকলে আইচিডিপিৰ সকলো বিত্ত সাহায্যপ্ৰাপ্ত কৰ্মশালা আৰু খনন প্ৰকল্পত অংশগ্ৰহণৰ বাবে নিজৰ প্ৰস্তাৱ দাখিল কৰাৰ আধিকাৰ লাভ কৰিব আৰু তেওঁলোকে আইচিডিপি প্ৰকল্পৰ পৰা পাবলগীয়া সকলো তথ্যৰ ফলাফল লাভ কৰিব পাৰিব।	0.92747533	True	True	ICDP এৰ এটা সদস্য হিচাপে, ভাৰতৰ বৈজ্ঞানিক/ইঞ্জিনিয়াৰছক প্ৰস্তাব জমা দিবলৈ অধিকাৰ থাকিব, সকলো ICDP এৰ সহ-অনুদানিত কাৰ্যশালা আৰু বৰষ্ট প্ৰকল্পত সম্মিলন কৰিব লৈ অধিকাৰ থাকিব আৰু ICDP প্ৰকল্পৰ সকলো ডাটা ফলাফলত প্ৰাপ্ত কৰিব লৈ অধিকাৰ থাকিব।	ICDP ৰ সদস্য হিচাপে ভাৰতৰ বিজ্ঞানী/অভিয়ন্তাসকলৰ প্ৰস্তাৱ দাখিল কৰাৰ, সকলো ICDP সহযোগিতাপ্ৰাপ্ত কৰ্মশালা আৰু খনন প্ৰকল্পত অংশগ্ৰহণ কৰাৰ আৰু ICDP প্ৰকল্পৰ পৰা লাভ কৰা সকলো তথ্যৰ ফলাফলত প্ৰৱেশাধিকাৰ থাকিব।	আইচিডিপিৰ সদস্য হিচাপে, ভাৰতৰ বিজ্ঞানী/অভিযন্তাৰ প্ৰস্তাৱ দাখিল কৰা, আইচিডিপিৰ সকলো সহ-অনুদান প্ৰাপ্ত কাৰ্যশালা আৰু ড্ৰিলিং প্ৰকল্পত অংশগ্ৰহণ কৰা আৰু আইচিডিপিৰ প্ৰকল্পসমূহৰ সকলো তথ্য ফলাফলৰ প্ৰৱেশাধিকাৰ থাকিব।
7737	[[0.90274966]]	Momtaz has performed concerts across Bangladesh, in Britain and in the United States.	মমতাজে সমগ্ৰ বাংলাদেশ, যুক্তৰাজ্য আৰু আমেৰিকা যুক্তৰাষ্ট্ৰত সংগীতানুষ্ঠান প্ৰদৰ্শন কৰিছে।	0.90274966	True	True	মমতাজ বাংলাদেশ, ব্ৰিটেন আৰু যুনাইটেড ষ্টেটছত সংগীত কন্সাৰ্ট কৰিছে।	মমতাজে বাংলাদেশৰ বিভিন্ন স্থানত, ব্ৰিটেইনত আৰু যুক্তৰাষ্ট্ৰত সংগীতানুষ্ঠানত প্ৰদৰ্শন কৰিছে।	মমতাজ বাংলাদেশ, ব্রিটেন আৰু আমেৰিকা যুক্তৰাষ্ট্ৰত সংগীত অনুষ্ঠান প্ৰদৰ্শন কৰিছে।
7791	[[0.9104676]]	Print on both sides of the paper, or multiple pages per sheet.	পৃষ্ঠাৰ দুয়ো কাষত, অথবা প্ৰতি পাত একাধিক পৃষ্ঠাসমূহ প্ৰিন্ট কৰক।	0.9104676	True	True	কাগজৰ দুৰ পৰা প্ৰিণ্ট কৰক, অথবা এটাৰ ওপৰত একাধিক পৃষ্ঠা থকা প্ৰিণ্ট কৰক।	কাগজৰ দুয়োফালে মুদ্ৰণ কৰক, অথবা এটা শ্বীটত একাধিক পৃষ্ঠা মুদ্ৰণ কৰক।	কাগজৰ উভয় ফালে মুদ্ৰণ কৰক, বা এক শীটত বহু পাত।
8184	[[0.90655845]]	MoC between Ministry of Electronics and Information Technology and Ministry of Economy, Trade & Industry on Japan-India Digital Partnership	জাপান–ভাৰত ডিজিটেল সহযোগিতাৰ ওপৰত বৈদ্যুতিক আৰু তথ্য প্ৰযুক্তি মন্ত্ৰালয় আৰু অৰ্থনীতি, বাণিজ্য তথা উদ্যোগ মন্ত্ৰালয়ৰ মাজত এমঅ’চি	0.90655845	True	True	ইলেক্ট্রনিক্স আৰু তথ্য প্ৰযুক্তি মন্ত্ৰণালয় আৰু অৰ্থ, বাণিজ্য আৰু উদ্যোগ মন্ত্ৰণালয় আপত জাপান-ভাৰত ডিজিটেল সহযোগীতাৰ বাবে MoC৷	ইলেকট্ৰনিকছ আৰু তথ্য প্ৰযুক্তি মন্ত্ৰালয় আৰু আৰ্থনীতি, বাণিজ্য আৰু উদ্যোগ মন্ত্ৰালয়ৰ মাজত ভাৰত-জাপান ডিজিটেল অংশীদাৰিত্বৰ বিষয়ে হোৱা MoC।	ইলেক্ট্ৰনিক্স আৰু তথ্য প্ৰযুক্তি মন্ত্ৰালয় আৰু জাপান-ভাৰত ডিজিটেল অংশীদাৰিত্বৰ ওপৰত অৰ্থনীতি, বাণিজ্য আৰু শিল্প মন্ত্ৰালয়ৰ মধ্যস্থ চুক্তি
8306	[[0.9116615]]	The most recent date this add-on was updated (previous information about an uninstalled add-on is not kept).	এই এড-অন আপডেইট কৰা শেহতীয়া তাৰিখ (এটা ইনস্টল নকৰা এড-অনৰ বিষয়ে পূৰ্বৰ তথ্য ৰখা নহয়)।	0.9116615	True	True	এই অ্যাড-অনটা হৈছে সর্বাধিক হালনাকী কৰা তাৰিখ (প্ৰাক্তন অ্যাড-অনৰ সম্পৰ্কত যোগ উপাদানলৈ সংৰক্ষিত নহয়।)	এই এড-অনৰ সকলোতকৈ সাম্প্ৰতিক আপডেট কৰা তাৰিখ (এটা আনইনষ্টল কৰা এড-অনৰ পূৰ্বৰ তথ্য সংৰক্ষণ কৰা নহয়)।	এই এড-অনটো আপডেট কৰা হৈছে আটাইতকৈ সাম্প্রতিক তাৰিখ (এটা অইনষ্টল কৰা নোহোৱা এড-অনৰ পূৰ্বৰ তথ্য সংৰক্ষণ কৰা নহয়)
8341	[[0.9127737]]	Both our societies share deep rooted historical ties and civilizational linkages.	আমাৰ দুয়োখন সমাজ গভীৰ ঐতিহাসিক সম্পৰ্ক আৰু সভ্যতাগত সংযোগেৰে বান্ধ খাই আছে।	0.9127737	True	True	আমাৰ দুৰ্দান্তিক সম্প্ৰদায়ী সম্পৰ্ক আৰু সভ্যতাৰ জৰুৰী সংযোগ ভাগ কৰে।	আমাৰ উভয় সমাজে গভীৰ শিকড় থকা ঐতিহাসিক সম্পৰ্ক আৰু সভ্যতাৰ সংযোগ শেয়াৰ কৰে।	আমাৰ দুয়োটা সমাজে গভীৰ ঐতিহাসিক সম্পৰ্ক আৰু সভ্যতাৰ সংযোগ আছে।
8388	[[0.9134476]]	A file or folder can be copied or moved to a new location by dragging and dropping with the mouse, using the copy and paste commands, or by using keyboard shortcuts.	এটা ফাইল অথবা ফোল্ডাৰক এটা নতুন অৱস্থানলৈ মাউছ ব্যৱহাৰ কৰি ড্ৰেগ আৰু ড্ৰপ, কপি আৰু পেইস্ট কমান্ড ব্যৱহাৰ কৰি, অথবা কিবৰ্ড চৰ্টকাটসমূহ ব্যৱহাৰ কৰি কপি অথবা স্থানান্তৰ কৰিব পৰা যাব।	0.9134476	True	True	এটা ফাইল অথবা ফোল্ডাৰটো মাউস ব্যৱহাৰ কৰি নতুন অৱস্থানলৈ ড্ৰেগ আৰু ড্ৰপ কৰি কপি আৰু পেষ্ট কমাণ্ড ব্যৱহাৰ কৰি অথবা কীব'ৰ্ড শৰ্টকাট ব্যৱহাৰ কৰি কপি অথবা মুভ কৰা যাব।	একটা ফাইল বা ফ'ল্ডাৰ মাউছৰ সহায়ত টানি আৰু পেলাই, কপি আৰু পেষ্ট কৰ্মসূচী ব্যৱহাৰ কৰি বা কীব'ৰ্ড চ'ৰ্টকাট ব্যৱহাৰ কৰি নতুন স্থানলৈ কপি বা স্থানান্তৰ কৰা কৰিব পাৰে।	এক ফাইল বা ফোল্ডাৰক মাউচৰ সহায়ত ড্ৰাগ আৰু ড্ৰপ কৰি, কপি আৰু পেষ্ট আদেশ ব্যৱহাৰ কৰি বা কীবোৰ্ড চটকপ ব্যৱহাৰ কৰি নতুন স্থানলৈ স্থানান্তৰ কৰিব পাৰি।
8432	[[0.90208143]]	No organisation has claimed responsibility for the blast yet.	আনহাতে বিস্ফোৰণৰ দায়িত্ব বৰ্তমানলৈকে কোনো সংগঠনে বহন কৰা নাই ।	0.90208143	True	True	এতিয়া কেতিয়া সংস্থা পুৰোপূৰি বিস্তাৰ কৰা নাই।	এই পৰ্যন্ত বিস্ফোৰণটোৰ বাবে কোনো সংগঠনে দায়িত্ব স্বীকাৰ কৰা নাই।	বিস্ফোরণৰ দায়িত্ব এতিয়ালৈ কোনো সংগঠনে স্বীকাৰ কৰা নাই।
8799	[[0.90561867]]	The winners are provided cash prize and certificates.	বঁটা বিজয়ীসকলক পুৰস্কাৰ হিচাপে নগদ ধন আৰু একোখনকৈ প্ৰমাণ পত্ৰ প্ৰদান কৰা হয়।	0.90561867	False	True	বিজযীবোৰলৈ নগদ পৰিমাণ আৰু প্ৰমাণনামা দিয়া হয়।	জয়ীসকলক নগদ পুৰস্কাৰ আৰু প্ৰমাণপত্ৰ প্ৰদান কৰা হয়।	বিজয়ীসকলক নগদ পুৰস্কাৰ আৰু প্ৰমাণপত্ৰ প্ৰদান কৰা হয়।
8816	[[0.9365788]]	The is the bar at the very bottom of the screen, which shows buttons for all your open windows.	হল পৰ্দাৰ একদম তলত থকা বাৰ, যি আপোনাৰ সকলো খোলা উইন্ডোৰ বাবে বুটামসমূহ দেখুৱায়।	0.9365788	True	True	স্ক্ৰীনৰ সেৱাৰ পিছত বাৰটো আছে, যি আপোনাৰ খোলা সকলৰ বাবে বুটামসমূহ দেখোৱা হয়।	এইটো হৈছে পর্দাৰ একেবাৰে তলৰ অংশত থকা বাৰ, যি আপোনাৰ মুকলি থকা সকলো উইণ্ডোৰ বাবে বুটামসমূহ দেখুৱায়।	এই স্ক্ৰীনৰ তলত থকা বাৰটো হল য'ত আপোনাৰ সকলো খোলা উইণ্ডোৰ বাটন দেখুৱাই।
9533	[[0.90745187]]	Apart from film making he was a sportsman and cultural activist.	চলচ্চিত্ৰ নিৰ্মাণৰ বাহিৰে তেওঁ এগৰাকী খেলুৱৈ আৰু সাংস্কৃতিক কৰ্মী আছিল।	0.90745187	True	True	চিত্ৰনিৰ্মাণৰ বাবে সলনি থাকিবলৈ তেওঁ এটা খেলাঢ়ী আৰু সাংস্কৃতিক কাৰ্যকলাপক হৈছিল।	চলচিত্ৰ নিৰ্মাণৰ লগতে, তেওঁ এজন ক্ৰীড়াবিদ আৰু সাংস্কৃতিক কৰ্মী আছিল।	চলচ্চিত্ৰ নিৰ্মাণৰ বাহিৰে তেওঁ এজন ক্ৰীড়াবিদ আৰু সাংস্কৃতিক কৰ্মী আছিল।
9706	[[0.902139]]	Judge hearing Delhi violence case transferred	দিল্লীৰ হিংসাত্মক ঘটনাৰ শুনানি গ্ৰহণ কৰা ন্যায়াধীশ এছ মুৰুলীধৰণৰ বদলিকৰণ	0.902139	False	True	ডেলহি সন্ত্রাসী ঘটনাৰ মামিলা শুনানী কৰি চুকা দিয়া হৈছে।	দিল্লী হিংসাৰ গোচৰৰ ন্যায়াধীশক স্থানান্তৰ কৰা হ'ল।	দিল্লী হিংসা কেছৰ শুনানি কৰা বিচাৰকক স্থানান্তৰ কৰা হৈছে
9779	[[0.9480883]]	In this incident, two people were killed and three were injured.	এই সমগ্ৰ ঘটনাক্ৰমত দুজন ব্যক্তিৰ মৃত্যু হয় আৰু তিনিজন লোক আহত হয়।	0.9480883	True	True	এই ঘটনাত, দুইজনক মৰা হৈছিল আৰু তিনিজনক আহত হৈছিল।	এই ঘটনাত, দুজন মানুহ নিহত আৰু তিনি জন আহত হৈছিল।	এই ঘটনাত দুজন নিহত হ'ল আৰু তিনিজন আহত হ'ল।
9854	[[0.9392437]]	No one was reportedly injured in the fire.	অগ্নিকাণ্ডটোত কোনো লোক হতাহত হোৱা নাই বুলি খবৰ আহিছে।	0.9392437	False	True	দাঙৰ বাবে কেও জখম হৈ নাই বলা হৈছিল।	আগুনত কোনো লোক আঘাটপ্ৰাপ্ত হোৱা বুলি বাতৰিত জনা পৰা নাই।	আগ্নিতে কোনো আহত হোৱাৰ খবৰ নাই।
9971	[[0.90158576]]	English rendering of excerpts of the PM's inaugural address in eleventh Inter-State Council Meeting at New Delhi	নতুন দিল্লীত একাদশ আন্তঃৰাজ্যিক পৰিষদীয় বৈঠকত প্ৰধানমন্ত্ৰীৰ উদ্বোধনী ভাষণৰ উদ্ধৃতিৰ ইংৰাজী সংস্কৰণ	0.90158576	True	True	এলাভেনত ইণ্টাৰ-ষ্টেট সম্মেলনৰ প্ৰথম ভাষণৰ অংশসমূহৰ ইংৰাজী অনুবাদ নিদেশৰ প্ৰথম ভাষণৰ অংশসমূহৰ ইংৰাজী অনুবাদ।	প্ৰধানমন্ত্ৰীৰ নতুন দিল্লীত অনুষ্ঠিত একাদশ আন্তঃৰাজ্য পৰিষদ বৈঠকত কৰা উদ্বোধনী ভাষণৰ অংশৰ ইংৰাজী অনুবাদ।	নয়ডা দিল্লীত একাদশ আন্তঃৰাজ্যিক পৰিষদৰ উদ্বোধনী অধিবেশনত প্রধানমন্ত্ৰীৰ ভাষণৰ উদ্ধৃতিৰ ইংৰাজী অনুবাদ
9975	[[0.91282654]]	What if an online service provider is not listed?	এটা অনলাইন সেৱা যোগানকাৰী তালিকাভুক্ত নাথাকিলে কি কৰা হব?	0.91282654	True	True	যদি এটা অনলাইন সেৱা প্ৰদানকাৰী তালিকাৰ ভিতৰত নাই থাকে তেনেহলা কি হৈছে?	যদি কোনো অনলাইন সেৱা প্ৰদানকাৰী তালিকাভুক্ত নহয় তেন্তে কি হ'ব?	কি হ'ল যদি অনলাইন সেৱা প্ৰদানকাৰীক তালিকাভুক্ত নহয়?
9977	[[0.9334378]]	The remote user from '%s' will be disconnected. Are you sure?	'%s'ৰ পৰা সংযুক্ত দূৰবৰ্তী ব্যৱহাৰকাৰীজনক বিচ্ছিন্ন কৰা হ'ব । নিশ্চিত নেকি ?	0.9334378	True	True	'%s' থকা দূৰবাৰৰ ব্যৱহাৰকাৰী প্ৰস্থান কৰা হৈছে। আপুনি নিশ্চিত?	'%s' পৰা ৰিম'ট ব্যৱহাৰকাৰীজনক সংযোগবিচ্ছিন্ন কৰা হ'ব। আপুনি নিশ্চিত নে?	'%s' লৈ দূৰবৰ্তী ব্যবহাৰকাৰীক বিচ্ছিন্ন কৰা হ'ব। আপুনি নিশ্চিত নে?
10671	[[0.90174294]]	Washington, D.C., is located in the mid-Atlantic region of the U.S. East Coast.	ৱাশ্বিংটন ডি. চি. আমেৰিকাৰ উত্তৰ উপকূলৰ মধ্য আটলাণ্টিক অঞ্চলত অৱস্থিত।	0.90174294	True	True	Washington, D.C., যু.এস. ইষ্ট কোষ্টৰ মধ্যভাগত অবস্থিত আছে।	ৱাশ্বিংটন, ডি.চি., ইউ.এছ.ৰ পূৱ উপকূলৰ মধ্য-এট্লাণ্টিক অঞ্চলত অৱস্থিত।	ৱাশিংটন, ডি.চি., আমেৰিকাৰ পূব উপকূলৰ মধ্য-আটলাণ্টিক অঞ্চলত অৱস্থিত।
10795	[[0.9034909]]	There is no scientific evidence to back these claims.	অৱশ্যে এই দাবীৰ সপক্ষে কোনাে বৈজ্ঞানিক তথ্য-প্রমাণ দাঙি ধৰা হােৱা নাই।	0.9034909	True	True	এই দাবীসমূহ সমর্থন কৰিবলৈ কোনো বৈজ্ঞানিক প্ৰমাণ নাই।	এই দাবিসমূহৰ বাবে কোনো বৈজ্ঞানিক প্ৰমাণ নাই।	এই দাবীসমূহক সমৰ্থন কৰিবলৈ বৈজ্ঞানিক প্ৰমাণ নাই।
10841	[[0.9272599]]	This decision was taken at a high-level meeting chaired by the Chief Minister.	মুখ্যমন্ত্ৰীৰ উপস্থিতিত অনুষ্ঠিত এক উচ্চ পৰ্যায়ৰ বৈঠকত এই সিদ্ধান্ত লোৱা হয় ।	0.9272599	True	True	এই নির্ণয়টো প্ৰধানমন্ত্ৰী দ্বাৰা আয়োজিত উচ্চমাধ্যমিক সভাত নেওয়া হ'ল।	এই সিদ্ধান্তটো মুখ্যমন্ত্ৰীয়ে অধ্যক্ষতা কৰা এখন উচ্চ-স্তৰীয় বৈঠকত গ্ৰহণ কৰা হৈছিল।	এই সিদ্ধান্তটো মুখ্যমন্ত্ৰীৰ অধ্যক্ষতাত অনুষ্ঠিত উচ্চ পৰ্যায়ৰ বৈঠকত লোৱা হৈছিল।
10942	[[0.9239017]]	No one was reportedly injured in the accident.	দুৰ্ঘটনাটোত কোনো লোক আহত হোৱা নাই বুলি ৰে’ল আৰক্ষীয়ে জানিবলৈ দিছে।	0.9239017	False	True	দুৰ্ঘটনাৰ সমীপত কোনোবা ক্ষতিগ্ৰস্ত নহয়।	দুৰ্ঘটনাত কোনো লোক আহত হোৱা বুলি বাতৰি পোৱা হোৱা নাই।	দুৰ্ঘটনাত কোনো আহত হোৱাৰ খবৰ নাই।
10962	[[0.9023328]]	Delete data from this device (logins, passwords, history, bookmarks, etc.).	এই ডিভাইচৰ পৰা ডেটা মচি পেলাওক (লগিন, পাছৱৰ্ড, ইতিহাস, বুকমাৰ্ক ইত্যাদি)।	0.9023328	True	True	এই ডিভাইচত ডাটা মুছে দিও (লগইন, পাছৱৰ্ড, ইতিহাস, বুকমাৰ্ক, ইত্যাদি)।	এই ডিভাইচৰ পৰা তথ্য মচক (লগইন, পাছৱৰ্ড, ইতিহাস, বুকমাৰ্ক, আদি)।	এই ডিভাইচত ডাটা মুছা কৰক (লগিন, পাছৱৰ্ড, ইতিহাস, বুকমাৰ্ক, ইত্যাদি)।
11126	[[0.9119514]]	"""""""Select the search option """"""""Show hidden files and folders"""""""""""""""	"""""""সন্ধান কৰ্মৰ """"""""আড়াল কৰা ফাইল আৰু ফোল্ডাৰ দেখুৱাওক"""""""" বিকল্প নিৰ্বাচন কৰক"""""""	0.9119514	True	True	"""""""""লুকুৱা ফাইল আৰু ফোল্ডাৰ দেখুৱাব"""""""" বাচনি বাছনি কৰক"""""""""	"এই বাক্যটোৰ অসমীয়া অনুবাদ হৈছে: """"""লুকোৱা ফাইল আৰু ফোল্ডাৰ দেখুৱাওক"""""""" বিকল্পটো বাচনি কৰক"""""""	"""চয়ন কৰক অনুসন্ধান বিকল্প """"লুকাই থকা ফাইল আৰু ফোল্ডাৰ"""""""""
11252	[[0.90436935]]	He did notable work to popularise football in India.	ভাৰতত ফুটবলৰ জনপ্ৰিয়তাৰ বাবে তেওঁ যথেষ্টখিনি উল্লেখযোগ্য কাম কৰিছিল।	0.90436935	True	True	তেওঁ ভাৰতত ফুটবল জনপ্ৰিয় কৰিবলৈ অগ্ৰগামী কাৰ্য কৰিছিল।	তেওঁ ভাৰতত ফুটবল জনপ্ৰিয় কৰিবলৈ উল্লেখযোগ্য কাম কৰিছিল।	তেওঁ ভাৰতত ফুটবল জনপ্ৰিয় কৰিবলৈ উল্লেখযোগ্য কাম কৰিছিল।
11273	[[0.9139578]]	Sikhism's traditions and teachings are distinctly associated with the history, society and culture of the Punjab.	পঞ্জাবৰ ইতিহাস, সমাজ আৰু সংস্কৃতিৰ লগত শিখ ধৰ্মৰ ঐতিহ্য আৰু শিক্ষা ওতপ্ৰোতভাৱে জড়িত হৈ আছে।	0.9139578	True	True	সিখীয়া ধৰ্মৰ পৰম্পৰা আৰু শিক্ষাসমূহ পাঞ্জাবৰ ইতিহাস, সমাজ আৰু সংস্কৃতিৰ সৈতে পৰ্যাখ্যাত সংযুক্ত হৈ আছে।	শিখ ধৰ্মৰ পৰম্পৰা আৰু উপদেশসমূহ পাঞ্জাৱৰ ইতিহাস, সমাজ আৰু সংস্কৃতিৰ লগত বিশেষভাৱে জড়িত।	সিখিসমৰ পৰম্পৰা আৰু শিক্ষা পঞ্জাৱৰ ইতিহাস, সমাজ আৰু সংস্কৃতিৰ সৈতে স্পষ্টভাৱে জড়িত।
11490	[[0.9068161]]	He was the founder of Bengal Chemicals & Pharmaceuticals, India's first pharmaceutical company.	তেওঁ ভাৰতৰ প্ৰথম ফাৰ্মাকিউটিকেল কোম্পানী 'বেংগল কেমিকেল এণ্ড ফাৰ্মাকিউটিকেল' প্ৰতিষ্ঠা কৰিছিল।	0.9068161	True	True	ইয়াৰ জীবনকাৰী হৈছিল বাংলা কেমিকেল আৰু ফাৰ্মাচিউটিকেলছ, ভাৰতৰ প্ৰথম ফাৰ্মাচিউটিকেল কোম্পানী।	তেওঁ বেঙ্গল কেমিকেলছ আৰু ফাৰ্মাচিউটিকেলছ, ভাৰতৰ প্ৰথম ফাৰ্মাচিউটিকেল কোম্পানীৰ প্ৰতিষ্ঠাপক আছিল।	তেওঁ বেঙ্গল কেমিকেলচ্ এন্ড ফাৰ্মাচিউটিকেলচ্‌ৰ প্ৰতিষ্ঠাপক আছিল, ভাৰতৰ প্ৰথম ফাৰ্মাচিউটিকেল কোম্পানী।
11872	[[0.90003335]]	The Prime Minister, Shri Narendra Modi has greeted the people of Odisha on the occasion of the agricultural festival Nuakhai Juhar.	প্ৰধানমন্ত্ৰী শ্ৰী নৰেন্দ্ৰ মোদীয়ে ওড়িশাৰ কৃষিভিত্তিক উৎসৱ নুৱাখাই জুহৰ উপলক্ষে ৰাজ্যবাসীক শুভেচ্ছা জনাইছে।	0.90003335	True	True	প্ৰধানমন্ত্ৰী শ্ৰী নৰেন্দ্ৰ মোদী অসমৰ মানবজনক উপলক্ষে কৃষি উৎসৱ নূখাই জুহাৰৰ অবস্থাত উড়িছাৰ লোকজনক শুভেচ্ছা জনাইছে।	প্ৰধানমন্ত্ৰী শ্ৰী নৰেন্দ্ৰ মোদীয়ে কৃষি উৎসৱ নুৱা খাই জুহাৰৰ উপলক্ষে ওডিশাৰ জনগণক শুভেচ্ছা জ্ঞাপন কৰিছে।	প্ৰধানমন্ত্ৰী শ্ৰী নৰেন্দ্ৰ মোদীয়ে নুৱাখাই জুহাৰৰ অনুষ্ঠানত ওড়িশাৰ লোকসকলক অভিনন্দন জনাইছে।
11915	[[0.91017014]]	Cut (remove) selected text or items and place it on the clipboard.	নিৰ্বাচিত লিখনী অথবা বস্তু কাট কৰক (আতৰাওক) আৰু ইয়াক ক্লিপবৰ্ডত স্থাপন কৰক।	0.91017014	True	True	নিৰ্বাচিত পাঠ্য অথবা বস্তুসমূহ কাটা আৰু ক্লিপবৰ্ডত সোজাও কৰক।	নিৰ্ব্বাচিত পাঠ্য বা সামগ্ৰী কাটি (অপসাৰণ কৰি) ক্লিপব’ৰ্ডত ৰাখক।	নিৰ্বাচিত টেক্সট বা আইটেমসমূহ কাটি ক্লিপবোৰ্ডত স্থাপন কৰক।
11949	[[0.9175549]]	No action has been taken by the administration.	প্ৰশাসনৰ পৰাও কোনো ব্যৱস্থা হাতত লোৱা পৰিলক্ষিত হোৱা নাই।	0.9175549	False	True	প্ৰশাসনৰ দ্বাৰা কোনো কাৰ্যকলাপ কৰা হোৱা নাই।	প্ৰশাসনৰ দ্বাৰা কোনো ব্যৱস্থা গ্ৰহণ কৰা হোৱা নাই।	প্ৰশাসনে কোনো ব্যৱস্থা লোৱা নাই।
11982	[[0.9094825]]	The theories and findings of evolutionary psychology have applications in many fields, including economics, environment, health, law, management, psychiatry, politics, and literature.	ক্ৰমবিকাশশীল মনোবিজ্ঞানৰ তত্ত্ব আৰু ফলাফল অৰ্থনৈতিক, পৰিৱেশ, স্বাস্থ্য, আইন, ব্যৱস্থাপনা, মনস্তত্ত্ব, ৰাজনীতি আৰু সাহিত্যকে ধৰি বহুতো ক্ষেত্ৰত প্ৰয়োগ আছে।	0.9094825	True	True	বিবর্তনী মানসিকতাৰ সিদ্ধান্ত আৰু পৰিণামসমূহে অনেক ক্ষেত্ৰত ব্যৱহাৰ কৰিছে, যেনে অটোমিক, পৰিবেশ, স্বাস্থ্য, আইন, ব্যৱসায়, মানসিক চিকিৎসা, রাজনীতি আৰু সাহিত্য।	প্ৰাকৃতিক বিবৰ্তনমূলক মনোবিজ্ঞানৰ তত্ব আৰু আৱিষ্কাৰবোৰৰ অৰ্থনীতি, পৰিবেশ, স্বাস্থ্য, আইন, পৰিচালনা, মানসিক চিকিৎসা, ৰাজনীতি আৰু সাহিত্য আদি বহু ক্ষেত্ৰত প্ৰয়োগ আছে।	সংবেবোলনী মনস্তত্ত্বৰ তত্ত্ব আৰু সিদ্ধান্তসমূহ অনেক ক্ষেত্ৰত প্ৰয়োগ কৰা যায়, যেনে অৰ্থনীতি, পৰিৱেশ, স্বাস্থ্য, আইন, ব্যৱস্থাপনা, মনোৰোগ চিকিৎসা, ৰাজনীতি আৰু সাহিত্য।
12262	[[0.9501932]]	A file named %S already exists, directory cannot be created.	%S নামৰ ফাইল ইতিমধ্যে আছে, ডাইৰেকটৰি সৃষ্টি কৰিব নোৱাৰি।	0.9501932	True	True	এটাৰ অনুচিত %S নামৰ ফাইল ইতিমত আছে, ডিৰেক্ট’ৰি সৃষ্টি কৰিব নোৱাৰে।	"""%S"" নামে এটি ফাইল ইতিমধ্যে আছে, ডাইৰেক্টৰী সৃষ্টি কৰা সম্ভৱ নহয়।"	%S নামৰ ফাইল ইতিমধ্যে আছে, ডিৰেক্টৰি সৃষ্টি কৰিব নোৱাৰি।
12279	[[0.9166741]]	"""""""I have attempted suicide 3 times as a teenager and young adult, twice I landed in hospital in a serious condition."""""""""""""""	“কিশোৰী আৰু যুৱতী অৱস্থাত মই ৩ বাৰ আত্মহত্যাৰ চেষ্টা কৰিছিলো, দুবাৰ মই গুৰুতৰ অৱস্থাত চিকিৎসালয়ত ভৰ্তি হৈছিলো,” নিৰ্য্যাতনসৃষ্ট যন্ত্ৰণাৰ এই বৰ্ণনা মেৰিৰ।	0.9166741	True	True	"মই তিনি বাচলৈ চেষ্টা কৰিছো যৌৱনসন্দীপৰ ঔষধী একন আছে আছে একোটা গুরুত্বপূৰ্ণ অৱস্থাত হাসপাতালত গুইছি।"""""""""""""	"""""""কিশোৰ অৱস্থাত আৰু যুৱ অৱস্থাত মই ৩ বাৰ আত্মহত্যাৰ চেষ্টা কৰিছিলোঁ, দুবাৰ মই গুৰুতৰ অৱস্থাত হাস্পতালত ভৰ্তি হৈছিলোঁ।"""""""	"""মোৰ কিশোৰ আৰু যুৱ অৱস্থাত আত্মহত্যাৰ চেষ্টা কৰিছিলোঁ ৩ বাৰ, দুবাৰ আমি গুৰুতৰ অৱস্থাত হস্পিতালত ভৰ্তি হৈছিলোঁ"""
12546	[[0.9465256]]	No person was injured in the fire.	অগ্নিকাণ্ডত কোনো লোক হতাহত হোৱাৰ খবৰ লাভ কৰা নাই।	0.9465256	False	True	তৎকালীনত কোনোহোৱা জন আগন্তুক নহয়।	আগুনত কোনোৱে আঘাতপ্ৰাপ্ত হোৱা নাছিল।	আগ্নিত কোনো ব্যক্তি আহত হোৱা নাছিল।
12913	[[0.9000901]]	The Union Cabinet chaired by Prime Minister Shri Narendra Modi has approved the signing of a Memorandum of Understanding (MoU) between India and Bahrain on cooperation in the field of Healthcare.	প্ৰধানমন্ত্ৰী শ্ৰী নৰেন্দ্ৰ মোদীৰ অধ্যক্ষতাত অনুষ্ঠিত কেন্দ্ৰীয় কেবিনেটে স্বাস্থ্যসেৱা খণ্ডত সহযোগিতাৰ বাবে ভাৰত আৰু বাহৰেইনৰ মাজত স্বাক্ষৰিত চুক্তিত অনুমোদন জনাইছে৷	0.9000901	True	True	প্ৰধানমন্ত্ৰী শ্ৰী নৰেন্দ্ৰ ম’দী পৰিচালিত কৰা কেন্দ্ৰীয় মন্ত্ৰিপৰিষদ ভাৰত আৰু বাহ্ৰিনৰ মাজত স্বাস্থ্যসেৱা ক্ষেত্ৰত সহযোগৰ বাবে এটা চুটি সমঝোৱাৰ ডাৱগৰি কৰিছে।	প্ৰধানমন্ত্ৰী শ্ৰী নৰেন্দ্ৰ মোদীৰ অধ্যক্ষতাত কেন্দ্ৰীয় মন্ত্রীসভাই ভাৰত আৰু বাহৰেইনৰ মাজত স্বাস্থ্যসেৱাৰ ক্ষেত্ৰত সহযোগিতাৰ বাবে এক সমঝোতা স্বাক্ষৰৰ অনুমোদন প্ৰদান কৰিছে।	প্ৰধানমন্ত্ৰী শ্ৰী নৰেন্দ্ৰ মোদীৰ অধ্যক্ষতাত অনুষ্ঠিত কেন্দ্ৰীয় মন্ত্ৰী সভাই ভাৰত আৰু বাহৰেইনৰ মাজত স্বাস্থ্যসেৱা ক্ষেত্ৰত সহযোগিতাৰ বাবে এক বুজাবুজি চুক্তি (এমঅ'ইউ) স্বাক্ষৰ কৰাৰ অনুমোদন দিছে।
13045	[[0.91747177]]	Feminist philosophers of science, sociologists of science, and others explore how social values affect science.	বিজ্ঞানৰ নাৰীবাদী দাৰ্শনিকসকল, বিজ্ঞানৰ সমাজবিজ্ঞানীসকল আৰু আন আন লোকে বিজ্ঞানৰ ওপৰত সামাজিক মূল্যাবোধৰ প্ৰভাৱ অধ্যয়ন কৰে।	0.91747177	True	True	বিজ্ঞান বিষয়ক নারীবাদী দার্শনিক, বিজ্ঞান সমাজবিদ, আৰু অন্যান্য লোকে অনুসন্ধান কৰে যেনে সামাজিক মূল্যসূত্ৰে কিভাৰে বিজ্ঞানৰ ওপৰত প্ৰভাৱ পৰা।	বিজ্ঞানৰ নাৰীবাদী দাৰ্শনিক, বিজ্ঞানৰ সমাজবিদ আৰু আন বহুতে কিদৰে সামাজিক মূল্যবোধই বিজ্ঞানক প্ৰভাৱিত কৰে সেই বিষয়ে অনুসন্ধান কৰে।	বিজ্ঞানৰ নাৰীবাদী দাৰ্শনিক, বিজ্ঞানৰ সমাজবিজ্ঞানী আৰু অন্যান্য সকলে সামাজিক মূল্যবোধে বিজ্ঞানক কিদৰে প্ৰভাৱিত কৰে তাৰ অনুসন্ধান কৰে।
13226	[[0.93338615]]	However, the cause of the fire is not known yet.	তদুপৰি কি কাৰণে অগ্নিকাণ্ডৰ সূত্ৰপাত হ’ল সেই বিষয়ে বৰ্তমানলৈকে জানিব পৰা নাই ।	0.93338615	True	True	তথাপিও, আগৰ কাৰণটো ইতিমধ্যে জানা হোৱা নাই।	তথাপি, আগ্নিৰ কাৰণটো এতিয়ালৈকে জনা হোৱা নাই।	যাঁত আগলৈ আগৰ কাৰণটো এতিয়াও জনা নাই।
13440	[[0.90089166]]	The locals are shocked at the incident.	এনে ঘটনাক লৈ উৎকন্ঠিত হৈ পৰিছে স্থানীয় লোক ।	0.90089166	False	True	ঘটনাটোৰ বাবে স্থানীয় লোকসকল চকিত হৈছে।	স্থানীয়বাসী এই ঘটনাত আচৰিত।	স্থানীয় লোকসকল ঘটনাটোৰ ওপৰত আশ্চৰ্য হৈছে।
13471	[[0.936646]]	He also worked to strengthen the BJP.	বিজেপি দলটোক শক্তিশালী কৰাৰ বাবেও তেওঁ কাম কৰি গৈছিল।	0.936646	False	True	তেওঁ বিজেপিৰ শক্তিকৰণৰ বাবে কাম কৰিছিল।	তেওঁ বিজেপি শক্তিশালী কৰিবলৈও কাম কৰিছিল।	তেওঁ বিজেপিৰো শক্তি বৰ্ধন কৰিছিল।
13883	[[0.9255415]]	Connection has been replaced by a new connection using the same resource	সংযোগক একে সম্পদ ব্যৱহাৰ কৰি এটা নতুন সংযোগৰে প্ৰতিস্থাপন কৰা হৈছে	0.9255415	True	True	সংযোগটো এটাৰ ব্যৱহাৰ কৰি নতুন সংযোগত প্ৰতিস্থাপন কৰা হৈছে।	সংযোগটো সেই একে উৎসটো ব্যৱহাৰ কৰি এখন নতুন সংযোগ দ্বাৰা প্ৰতিস্থাপন কৰা হৈছে।	সমান সম্পদ ব্যবহাৰ কৰি নতুন সংযোগে পূৰ্বৰ সংযোগটো প্ৰতিস্থাপিত কৰা হৈছে।
14033	[[0.93919027]]	The decision was taken at a high-level meeting chaired by Prime Minister Narendra Modi today.	আজি প্ৰধানমন্ত্ৰী শ্ৰী নৰেন্দ্ৰ মোদীৰ অধ্যক্ষতাত অনুষ্ঠিত এখন উচ্চ পৰ্যায়ৰ বৈঠকত এই সিদ্ধান্ত লোৱা হয়।	0.93919027	True	True	আজি প্ৰধানমন্ত্ৰী নৰেন্দ্ৰ মোদীৰ অধ্যক্ষতাৰে এটা উচ্চস্তৰীয় সভাত নির্ণয় গ্ৰহণ কৰা হৈছিল।	সিদ্ধান্তটো আজিৰ দিনত প্ৰধানমন্ত্ৰী নৰেন্দ্ৰ মোদীৰ অধ্যক্ষতাত অনুষ্ঠিত উচ্চ-স্তৰীয় বৈঠকত গ্ৰহণ কৰা হৈছিল।	প্ৰধানমন্ত্ৰী নৰেন্দ্ৰ মোদীৰ সভাপতিত্বত আজি এক উচ্চ স্তৰীয় বৈঠকত সিদ্ধান্ত লোৱা হৈছিল।
14034	[[0.9329468]]	Educational Qualification: Applicant should be a Graduate in any discipline from a recognized university.	শিক্ষাগত অৰ্হতা : স্বীকৃতিপ্রাপ্ত বিশ্ববিদ্যালয়ৰ পৰা যিকোনো শাখাত স্নাতক ডিগ্রীধাৰী হ’ব লাগে ।	0.9329468	True	True	শিক্ষাগত অৰ্হতা: আবেদকটোকে এটা সংশোধনী কৰা বিশ্ববিদ্যালয়ত যোগাযোগ ভিন্ন কোনো বিষয়ত গ্ৰেজুৱেট হওয়া অনিবার্য।	শিক্ষাগত অৰ্হতা: আবেদনকাৰীজন স্বীকৃত বিশ্ববিদ্যালয়ৰ পৰা যিকোনো শাখাত স্নাতক হ’ব লাগিব।	শিক্ষাগত যোগ্যতা: আবেদনকাৰীজন কোনো বিষয়ত স্বীকৃতি প্ৰাপ্ত বিশ্ববিদ্যালয়ৰ পৰা স্নাতক হ'ব লাগিব।
14182	[[0.9305203]]	Other religions include Hinduism, Islam and Christianity.	অন্য ধৰ্মসমূহৰ ভিতৰত প্ৰধান হ'ল খ্ৰীষ্টান , ইছলাম, আৰু হিন্দু ধৰ্ম।	0.9305203	False	True	অন্য ধৰ্মৰ অন্তৰ্ভুক্ত হৈ আছে হিন্দুধৰ্ম, ইছলাম আৰু খ্ৰীষ্টীয়তা।	অন্যান্য ধৰ্মসমূহত হিন্দু ধৰ্ম, ইসলাম আৰু খ্ৰীষ্টান ধৰ্ম অন্তৰ্ভুক্ত।	আন ধৰ্মসমূহৰ ভিতৰত হিন্দুধৰ্ম, ইছলাম আৰু খ্ৰীষ্টান ধৰ্ম অন্যতম।
14443	[[0.90280795]]	In some cases we can the device output by altering the data we send to it, but in other cases where that's not possible (you can't print electric blue) we need to show the user what the result is going to look like.	কিছুমান ক্ষেত্ৰত আমি ডিভাইচত পঠোৱা তথ্য পৰিবৰ্তন কৰি ডিভাইচ আউটপুট কৰিব পাৰো, কিন্তু অন্য ক্ষেত্ৰত য'ত ই সম্ভব নহয় (আপুনি ইলেকট্ৰিক নীলা প্ৰিন্ট কৰিব নোৱাৰিব) আপুনি ব্যৱহাৰকাৰীক দেখুৱাব লাগিব ফলাফল দেখাত কেনেকুৱা হব।	0.90280795	True	True	কেতিয়া কেতিয়া প্ৰকাৰে আমি সেই যন্ত্ৰৰ আউটপুট প্ৰাপ্ত কৰিব পাৰি যি তাৰ লগত পঠিয়া প্ৰেরিত ডাটাৰ সংস্কাৰণ কৰি বদলাই কৰি, কিন্তু অন্য কেতিয়া কেতিয়া প্ৰকাৰে যেখন সেই সম্ভাব্য নহয় (আপুনি ইলেক্ট্ৰিক ব্লু প্ৰিণ্ট কৰিব নোৱা পাৰি) তেওঁলোকলৈ দেখাই দিব লাগে যে ফলাফল কি হোৱা বুলি।	কিছুমান ক্ষেত্ৰত আমি পঠিওৱা তথ্য সলনি কৰি যন্ত্ৰৰ আউটপুট পৰিবৰ্তন কৰিব পাৰো, কিন্তু আন কিছুমান ক্ষেত্ৰত য'ত সেইটো সম্ভৱ নহয় (আপুনি বৈদ্যুতিক নীলা মুদ্রণ কৰিব নোৱাৰে) আমি ব্যৱহাৰকাৰীক ফলাফলটো কেনেকুৱা হ'ব দেখুৱাব লাগিব।	কিছু ক্ষেত্ৰত আমি ডিভাইচৰ আউটপুট পৰিৱৰ্তন কৰিব পাৰি আমি ইয়াক প্ৰেৰণ কৰা ডেটা সলনি কৰি, কিন্তু অন্য ক্ষেত্ৰত য'ত সম্ভৱ নহয় (তুমি ইলেক্ট্ৰিক নীলা প্ৰিণ্ট কৰিব নোৱাৰা) আমি ব্যৱহাৰকাৰীক ফলাফল কেনেকৈ দেখা যাব তাৰ চিত্ৰ দেখুৱাব লাগে।
14485	[[0.9233065]]	Educational Qualification: A candidate must be Class VIII passed.	শিক্ষাগত অৰ্হতা : প্ৰাৰ্থী অষ্টম শ্ৰেণী উৰ্ত্তীৰ্ণ হ’ব লাগিব ।	0.9233065	True	True	শিক্ষাগত যোগ্যতা: এটা প্ৰাৰ্থীটো অতি কম অষ্টম শ্ৰেণী পাছ কৰা হব লাগিব।	শিক্ষাগত অৰ্হতা: প্ৰাৰ্থী অষ্টম শ্ৰেণী উর্ত্তীৰ্ণ হ'ব লাগিব।	শিক্ষাগত যোগ্যতা: প্ৰাৰ্থীজন অতিশয় অষ্টম শ্ৰেণী উত্তীৰ্ণ হ'ব লাগিব।
14511	[[0.9233794]]	After you have selected a website, press to visit it.	আপুনি এটা ৱেবছাইট নিৰ্বাচন কৰাৰ পিছত, ইয়াক ভ্ৰমণ কৰিবলে টিপক।_	0.9233794	True	True	আপুনি এটা চয়ন কৰিলে, সেইটো দেখিবলৈ টিপক।	এটা ৱেবছাইট নিৰ্ব্বাচন কৰাৰ পাছত, ইয়াত ভিজিট কৰিবলৈ টিপক।	ওয়েবসাইটটো নিৰ্বাচন কৰাৰ পিছত ইয়াক ভ্ৰমণ কৰিবলৈ চাপন।
14725	[[0.91297126]]	Before that he was heading the Eastern Command of the force, which takes care of Indias nearly 4,000-km border with China.	ইয়াৰ পূৰ্বে তেওঁ চীনৰ সৈতে ভাৰতৰ প্ৰায় ৪,০০০ কিলোমিটাৰ জোৰা সীমান্তৰ চোৱাচিতাৰ দায়িত্বত থকা ভাৰতীয় সেনাৰ ইষ্টাৰ্ণ কমাণ্ডক নেতৃত্ব দিছিল।	0.91297126	True	True	তেওঁ সেই সময়ত সেনাৰ পূর্ব কমান্ড প্ৰভুত্ব কৰি থাকিছিল, য'ত ভাৰতৰ লগত চীনৰ সৈকত পৰ্যালোচনা কৰে।	তাৰ আগতে তেওঁ সেই বাহিনীৰ পূব কমাণ্ডৰ নেতৃত্ব দিছিল, যি ভাৰতৰ প্ৰায় ৪,০০০ কিলোমিটাৰ দৈৰ্ঘ্যৰ চীনৰ সৈতে থকা সীমান্তৰ যত্ন লয়।	তাৰ আগতে তেওঁ বাহিনীৰ পূব কমাণ্ডৰ নেতৃত্ব কৰিছিল, যি চীনৰ সৈতে ভাৰতৰ প্ৰায় ৪,০০০ কিলোমিটাৰ সীমাৰ যত্ন লয়।
14858	[[0.9144278]]	Make windows and buttons on the screen more (or less) vivid, so they're easier to see.	পৰ্দাত থকা উইন্ডেোসমূহ আৰু বুটামসমূহ অধিক (অথবা কম) জীৱন্ত কৰক, যাতে সিহতক দেখাত সহজ হয়।	0.9144278	True	True	স্ক্ৰীনত বিন্ডো আৰু বুটামসমূহ অধিক (নাইবা কম) উজ্জল কৰক, যেনে তেওঁলৈ দেখা সহজ হয়।	পৰ্দাত থকা জানেলা আৰু বুটামবোৰক অধিক (অথবা কম) উজ্জ্বল কৰক, যাতে সিহঁতক চোৱা সহজ হয়।	স্ক্ৰীনত থকা উইণ্ডো আৰু বাটনসমূহক অধিক (বা কম) জীৱন্ত কৰি তেনেহে সহজে দেখা যায়।
15200	[[0.9292092]]	Indira Gandhi was the first female Prime Minister of India.	ইন্দিৰা গান্ধীয়ে দেশৰ প্ৰথমগৰাকী মহিলা প্ৰধানমন্ত্ৰী হৈ দেশ চলাইছিল।	0.9292092	True	True	ইন্দিৰা গান্ধী ভাৰতৰ প্ৰথম মহিলা প্ৰধানমন্ত্ৰী হৈছিল।	ইন্দিৰা গান্ধী ভাৰতৰ প্ৰথম গৰাকী মহিলা প্ৰধানমন্ত্ৰী আছিল।	ইন্দিৰা গান্ধী ভাৰতৰ প্ৰথম মহিলা প্ৰধানমন্ত্ৰী আছিল।
15810	[[0.9363649]]	"""""""A file named """"""""%s"""""""" already exists. Do you want to replace it?"""""""	"""""""""""""""%s"""""""" নামৰ এটা নথিপত্ৰ ইতিমধ্য অস্তিত্ববান। আপুনি ইয়াক প্ৰতিস্থাপন কৰিব বিচাৰে নেকি?"""""""	0.9363649	True	True	"""এটা নামহীন ফাইল """"%s"""" ইতিমধ্যে বিদ্যমান। ইয়াৰ পৰিবৰ্তন কৰিব বিচাৰিবনে?"""	"""""""'%s' নামৰ এখন ফাইল ইতিমধ্যে আছে। আপুনি ইয়াক সলনি কৰিবলৈ বিচাৰে নেকি?"""""""	"""%s"" নামৰে এটা ফাইল ইতিমধ্যে আছে। আপুনি ইয়াক প্ৰতিস্থাপন কৰিব খোজে?"
16295	[[0.9271523]]	Researchers believe that the causes of this sex ratio imbalance are increased female infant mortality, underreporting of female births and sex-selective abortion.	গৱেষকসকলে বিশ্বাস কৰে যে এই লিঙ্গ অনুপাতৰ ভাৰসাম্যহীনতাৰ কাৰণ হৈছে ছোৱালী শিশুৰ মৃত্যুৰ হাৰ বৃদ্ধি, ছোৱালী জন্মৰ কম প্ৰতিবেদন আৰু লিঙ্গ নিৰ্বাচিত গৰ্ভপাত।	0.9271523	True	True	গুণীয়কৰকে বিশ্বাস আছে যোৱতি এই লিংগ অনুমানুপাত বিস্তাৰ হৈ আছে তাৰ কাৰণসমূহ হল: বেস্তা নারী শিশুৰ মৃত্যু বৃদ্ধি, নারী জন্ম অপত্যাৱাৰ আৰু লিংগ-বাছনি গৃহীত কৰা শিশুৰ অবহেলা।	গৱেষকসকলে বিশ্বাস কৰে যে, লিংগ অনুপাতে এই অমিলৰ কাৰণসমূহ হৈছে মহিলা শিশুৰ মৃত্যুহাৰ বৃদ্ধি, মহিলা জন্মৰ অপৰ্যাপ্ত প্ৰতিবেদন আৰু লিংগ পছন্দ কৰা গৰ্ভপাত।	এই লিঙ্গ অনুপাত অসামতুল্যৰ কাৰণ হ'ল বৃদ্ধি প্ৰাপ্ত মহিলা শিশু মৃত্যু, মহিলা জন্মৰ অপৰিপূৰ্ণ প্ৰতিবেদন আৰু লিঙ্গ-নিৰ্বাচনী গৰ্ভপাত।
17048	[[0.90496784]]	Add new users so that other people can log in to the computer.	নতুন ব্যৱহাৰকাৰীসকল যোগ কৰক যাতে অন্য মানুহে কমপিউটাৰত লগ ইন কৰিব পাৰে।	0.90496784	True	True	কম্পিউটাৰত চাৰু ব্যৱহাৰ কৰিবলৈ নতুন ব্যৱহাৰকাৰী যোগ কৰক।	নতুন ব্যৱহাৰকাৰী যোগ কৰক যাতে আন লোকেও কম্পিউটাৰত লগ ইন কৰিব পাৰে।	নতুন ব্যৱহাৰকাৰী যোগ কৰক যাতে অন্য লোকসকল কম্পিউটাৰত লগ ইন কৰিব পাৰে।
