idx	las	src	tgt	las_score_dbl	src_gt_8_words	tgt_gt_8_words	gpt_3_5_trans	gpt_4o_trans	ollama_trans	gpt_35_f1_score	gpt_4o_f1_score	ollama_f1_score
36	[[0.9418835]]	As many as 32 candidates including SP ,BSP and smaller parties and independents candidates lost their deposits.	ಎಸ್ಪಿ, ಬಿಎಸ್ಪಿ ಮತ್ತು ಸಣ್ಣ ಪಕ್ಷಗಳು ಮತ್ತು ಸ್ವತಂತ್ರ ಅಭ್ಯರ್ಥಿಗಳು ಸೇರಿದಂತೆ 32 ಅಭ್ಯರ್ಥಿಗಳು ತಮ್ಮ ಠೇವಣಿ ಕಳೆದುಕೊಂಡಿದ್ದಾರೆ.	0.9418835	True	True	32 ಅಭ್ಯರ್ಥಿಗಳಲ್ಲಿ SP, BSP ಮತ್ತು ಚಿಕಾಕು ದಳಗಳು ಮತ್ತು ಸ್ವತಂತ್ರ ಅಭ್ಯರ್ಥಿಗಳು ತಮ್ಮ ಠೆವಣಗಳನ್ನು ಕಳೆದರು.	ಎಸ್‌ಪಿ, ಬಿಎಸ್‌ಪಿ ಮತ್ತು ಸಣ್ಣ ಪಕ್ಷಗಳು ಹಾಗೂ ಸ್ವತಂತ್ರ ಅಭ್ಯರ್ಥಿಗಳನ್ನು ಒಳಗೊಂಡಂತೆ 32 ಅಭ್ಯರ್ಥಿಗಳು ತಮ್ಮ ಠೇವಣಿಗಳನ್ನು ಕಳೆದುಕೊಂಡಿದ್ದಾರೆ.	ಎಸ್‌ಪಿ, ಬಿಎಸ್‌ಪಿ ಮತ್ತು ಸಣ್ಣ ಪಕ್ಷಗಳು ಹಾಗೂ ಸ್ವತಂತ್ರ ಅಭ್ಯರ್ಥಿಗಳು ಸೇರಿದಂತೆ ೩೨ ಜನ ಅಭ್ಯರ್ಥಿಗಳು ತಮ್ಮ ಡಿಪಾಸಿಟ್ ಕಳೆದುಕೊಂಡರು.	0.8464	0.9652	0.9340
186	[[0.918791]]	Around 1,130 constables are taking training at the Padma training centre.	ಪದ್ಮಾ ತರಬೇತಿ ಕೇಂದ್ರದಲ್ಲಿ ಸುಮಾರು 1 ಸಾವಿರದ 130 ಕಾನ್ಸ್ ಟೇಬಲ್ ಗಳು ತರಬೇತಿ ಪಡೆಯುತ್ತಿದ್ದಾರೆ.	0.918791	True	True	ಸುತ್ತಲು 1,130 ಕನ್ಸ್ಟೇಬಲ್ಸ್ ಪದ್ಮ ತರಬೇತಿ ಕೇಂದ್ರದಲ್ಲಿ ತರಬೇತಿ ಪಡೆಯುತ್ತಿದ್ದಾರೆ.	ಸುಮಾರು 1,130 ಕಾನ್ಸ್‌ಟೇಬಲ್‌ಗಳು ಪದ್ಮ ತರಬೇತಿ ಕೇಂದ್ರದಲ್ಲಿ ತರಬೇತಿ ಪಡೆಯುತ್ತಿದ್ದಾರೆ.	ಪದ್ಮಾ ತರಬೇತಿ ಕೇಂದ್ರದಲ್ಲಿ ಸುಮಾರು 1,130 ಕಾನ್ಸ್ಟೇಬಲ್ಗಳು ತರಬೇತಿ ಪಡೆಯುತ್ತಿದ್ದಾರೆ.	0.8691	0.8973	0.9454
201	[[0.9373034]]	Design of the home made mask has been finalized, around 150 Gamochas purchased and two sewing machines arranged (6 homemade masks can be prepared from one Gamocha).	ಮನೆಯಲ್ಲಿ ತಯಾರಿಸಿದ ಮುಖಗವಸಿನ ವಿನ್ಯಾಸವನ್ನು ಅಂತಿಮಗೊಳಿಸಲಾಗಿದೆ, ಸುಮಾರು 150 ಗಮೊಚಾಗಳನ್ನು ಖರೀದಿಸಲಾಗಿದೆ ಮತ್ತು ಎರಡು ಹೊಲಿಗೆ ಯಂತ್ರಗಳನ್ನು ವ್ಯವಸ್ಥೆ ಮಾಡಲಾಗಿದೆ (ಒಂದು ಗಮೊಚಾದಿಂದ 6 ಮುಖಗವಸುಗಳನ್ನು ತಯಾರಿಸಬಹುದು).	0.9373034	True	True	ಮನೆಯ ಮುಖವಾಸಗಳ ಡಿಜೈನ್ ಕೊನೆಯಾಯಿತು, ಸುತ್ತಲೂ 150 ಗಾಮೊಚಗಳನ್ನು ಖರೀದಿಸಲಾಗಿದೆ ಮತ್ತು ಎರಡು ಸೆವಿಂಗ್ ಮಶೀನ್ ಸಜ್ಜಾಗಿದೆ (ಒಂದು ಗಾಮೊಚದಿಂದ 6 ಮನೆಯದು ಮಾಸ್ಕ್ ತಯಾರಿಸಬಹುದು).	ಗೃಹನಿರ್ಮಿತ ಮಾಸ್ಕ್‌ಗಳ ವಿನ್ಯಾಸವನ್ನು ಅಂತಿಮಗೊಳಿಸಲಾಗಿದೆ, ಸುಮಾರು 150 ಗಮೋಚಗಳನ್ನು ಖರೀದಿಸಲಾಗಿದೆ ಮತ್ತು ಎರಡು ಹೊಲಿಗೆ ಯಂತ್ರಗಳನ್ನು ವ್ಯವಸ್ಥೆ ಮಾಡಲಾಗಿದೆ (ಒಂದು ಗಮೋಚದಿಂದ 6 ಗೃಹನಿರ್ಮಿತ ಮಾಸ್ಕ್‌ಗಳನ್ನು ತಯಾರಿಸಬಹುದು).	ಮನೆ ಮಾಡಿದ ಮುಖವಾಡದ ವಿನ್ಯಾಸ ಅಂತಿಮಗೊಂಡಿದೆ, ಸುಮಾರು 150 ಗಾಮೋಚಗಳನ್ನು ಖರೀದಿಸಲಾಗಿದೆ ಮತ್ತು ಎರಡು ಸೇವಿಂಗ್ ಮೆಷಿನ್‌ಗಳನ್ನು ಏರ್ಪಡಿಸಲಾಗಿದೆ (ಒಂದು ಗಾಮೋಚದಿಂದ 6 ಸ್ವಯಂ ಮುಖವಾಡಗಳನ್ನು ತಯಾರಿಸಬಹುದು).	0.8184	0.9067	0.8609
383	[[0.92741233]]	India scored 347 runs for the loss of 4 wickets in 50 overs.	ಅವರ ಇನ್ನಿಂಗ್ಸ್ ನಿಂದಾಗಿ ಭಾರತ ನಿಗದಿತ 50 ಓವರ್‍ಗಳಲ್ಲಿ 4 ವಿಕೆಟ್‍ಗಳ ನಷ್ಟದಲ್ಲಿ 347 ರನ್ ಗಳಿಸಿತ್ತು.	0.92741233	True	True	ಭಾರತವು 50 ಓವರುಗಳಲ್ಲಿ 4 ವಿಕೆಟ್ಗಳ ನಷ್ಟದಿಂದ 347 ರನ್ಗಳನ್ನು ಗಳಿಸಿತು.	ಭಾರತವು 50 ಓವರ್‌ಗಳಲ್ಲಿ 4 ವಿಕೆಟ್‌ಗಳನ್ನು ಕಳೆದುಕೊಂಡು 347 ರನ್‌ಗಳನ್ನು ಗಳಿಸಿದೆ.	ಭಾರತ 50 ಓವರ್‍ಗಳಲ್ಲಿ 4 ವಿಕೆಟ್‍ಗಳ ನಷ್ಟಕ್ಕೆ 347 ರನ್‍ಗಳನ್ನು ಗಳಿಸಿತು.	0.8808	0.8559	0.8983
411	[[0.91698915]]	Kiara Advani to play Kartik Aaryan's leading lady in Bhool Bhulaiyaa 2	‘ಭೂಲ್ ಭೂಲೈಯಾ 2’ ಚಿತ್ರದಲ್ಲಿ ಕಾರ್ತಿಕ್ ಆರ್ಯನ್ ಗೆ ನಾಯಕಿ ಕಿಯಾರಾ ಅಡ್ವಾಣಿ	0.91698915	True	True	ಭೂಲ್ ಭೂಲಾಯ್ 2 ನಲ್ಲಿ ಕಾರ್ತಿಕ್ ಆರ್ಯನ್ ಮುಖ್ಯ ಹೆಣ್ಣಾಗಿ ಕಿಯಾರಾ ಅಡ್ವಾನಿ ನಟನೆ ಮಾಡುವುದು.	ಭೂಲ್ ಭುಲೈಯ್ಯಾ 2 ನಲ್ಲಿ ಕಾರ್ತಿಕ್ ಆರ್‍ಯನ್ ಅವರ ನಾಯಕನಿಯಾಗಿ ಕಿಯಾರಾ ಅಡ್ವಾಣಿ ನಟಿಸಲಿದ್ದಾರೆ.	ಕಿಯಾರಾ ಅಡ್ವಾಣಿ ಭೂಲ್ ಭುಲೈಯಾ 2 ರಲ್ಲಿ ಕಾರ್ತಿಕ್ ಆರ್ಯನ್ ನ ನಾಯಕಿಯಾಗಿ ನಟಿಸಲಿದ್ದಾರೆ.	0.8096	0.8421	0.8484
486	[[0.90410113]]	Several of Thomas' brothers remained in Virginia, one of whom married a daughter of Patrick Henry.	ಹಲವಾರು ಥಾಮಸ್ ಸಹೋದರರು ವರ್ಜಿನಿಯಾದಲ್ಲಿಯೇ ಇದ್ದರು, ಇವರಲ್ಲಿ ಒಬ್ಬರು ಪ್ಯಾಟ್ರಿಕ್ ಹೆನ್ರಿಯ ಪುತ್ರಿ ವಿವಾಹವಾದರು.	0.90410113	True	True	ಥಾಮಸ್ ಸಹೋದರರಲ್ಲಿ ಕೆಲವರು ವರ್ಜೀನಿಯಾದಲ್ಲಿ ಉಳಿದರು, ಯಾರಲ್ಲಿ ಪ್ಯಾಟ್ರಿಕ್ ಹೆನ್ರಿಯ ಮಗಳನೊಂದಿಗೆ ವಿವಾಹ ಮಾಡಿದವನು.	ಥಾಮಸ್‌ನ ಹಲವಾರು ಸಹೋದರರು ವರ್ಜೀನಿಯಾದಲ್ಲಿ ಉಳಿದರು, ಅವರಲ್ಲಿ ಒಬ್ಬರು ಪ್ಯಾಟ್ರಿಕ್ ಹೆನ್ರಿಯ ಪುತ್ರಿಯನ್ನು ವಿವಾಹವಾಗಿದರು.	ಥಾಮಸ್‍ನ ಸೋದರರಲ್ಲಿ ಕೆಲವರು ವರ್ಜೀನಿಯಾದಲ್ಲಿ ಉಳಿದರು, ಅವರಲ್ಲಿ ಒಬ್ಬರು ಪ್ಯಾಟ್ರಿಕ್ ಹೆನ್ರಿಯ ಮಗಳನ್ನು ವಿವಾಹವಾದರು.	0.8665	0.9251	0.8981
598	[[0.93726647]]	The Prime Minister, Shri Narendra Modi, has greeted the people on the occasion of Navroz, the Parsi new year.	ಪ್ರಧಾನಮಂತ್ರಿ ಶ್ರೀ ನರೇಂದ್ರ ಮೋದಿ ಅವರು, ಪಾರ್ಸಿ ಹೊಸ ವರ್ಷ ನವರೋಜ್ ಸಂದರ್ಭದಲ್ಲಿ ಜನತೆಗೆ ಶುಭ ಕೋರಿದ್ದಾರೆ.	0.93726647	True	True	ಪ್ರಧಾನಿ, ಶ್ರೀ ನರೇಂದ್ರ ಮೋದಿ, ನವರೋಜ್, ಪಾರ್ಸಿ ಹೊಸ ವರ್ಷದ ಸಂದರ್ಭದಲ್ಲಿ ಜನರನ್ನು ಶುಭಾಶಯ ಹೇಳಿದ್ದಾರೆ.	ಪ್ರಧಾನಮಂತ್ರಿ ಶ್ರೀ ನರೇಂದ್ರ ಮೋದಿ ಅವರು ಪಾರ್ಸಿ ಹೊಸ ವರ್ಷದ ನವರೋಜ್ ಅಂಗವಾಗಿ ಜನತೆಗೆ ಶುಭಾಶಯಗಳನ್ನು ತಿಳಿಸಿದ್ದಾರೆ.	ಪ್ರಧಾನ ಮಂತ್ರಿ ಶ್ರೀ ನರೇಂದ್ರ ಮೋದಿ ಅವರು ನವ್ರೋಜ್ ಅಥವಾ ಪಾರ್ಸಿ ನೂತನ ವರ್ಷದ ಸಂದರ್ಭದಲ್ಲಿ ಜನರಿಗೆ ಶುಭಾಶಯ ಸಲ್ಲಿಸಿದ್ದಾರೆ.	0.8876	0.9127	0.8926
632	[[0.9216981]]	WhatsApp announced the MyGov helpline (+919013151515) last month.	ಇನ್ನು ವಾಟ್ಸಾಪ್ ಕಳೆದ ತಿಂಗಳು ಮೈಗೊವ್ ಸಹಾಯವಾಣಿ (+919013151515) ಅನ್ನು ಸಹ ಘೋಷಣೆ ಮಾಡಿತ್ತು.	0.9216981	False	True	WhatsApp ಹಿಂದಿನ ತಿಂಗಳಲ್ಲಿ MyGov ಹೆಲ್ಪ್‌ಲೈನ್ (+919013151515) ಯನ್ನು ಪ್ರಕಟಿಸಿತು.	ವಾಟ್ಸಪ್ ಕಳೆದ ತಿಂಗಳು ಮೈಗವ್ ಸಹಾಯವಾಣಿ (+919013151515) ಅನ್ನು ಘೋಷಿಸಿತು.	ವಾಟ್ಸ್ ಅಪ್ ಕಳೆದ ತಿಂಗಳು ಮೈಗವ್ ಹೆಲ್ಪ್ ಲೈನ್ (+919013151515) ಅನ್ನು ಪ್ರಕಟಿಸಿತು.	0.7928	0.9331	0.8677
651	[[0.9173553]]	About 50-65 percent of students in HE institutions like Central Universities, IITs, IIITs, NITs, IISERs are participating in some form of e-learning	ಕೇಂದ್ರೀಯ ವಿಶ್ವವಿದ್ಯಾಲಯಗಳು, ಐಐಟಿಗಳು, ಐಐಐಟಿಗಳು, ಎನ್ಐಟಿಗಳು, ಐಐಎಸ್ಇಆರ್ ಗಳಂತಹ ಉನ್ನತ ಶಿಕ್ಷಣ ಸುಮಾರು 50-65 ಪ್ರತಿಶತದಷ್ಟು ವಿದ್ಯಾರ್ಥಿಗಳು ಕೆಲವು ರೀತಿಯ ಇ-ಕಲಿಕೆಯಲ್ಲಿ ಭಾಗವಹಿಸುತ್ತಿದ್ದಾರೆ.	0.9173553	True	True	ಸೆಂಟ್ರಲ್ ವಿಶ್ವವಿದ್ಯಾನಿಲಯಗಳು, ಐಐಟಿಗಳು, ಐಐಐಟಿಗಳು, ಎನ್‌ಐಟಿಗಳು, ಐಐಎಸರ್‌ಗಳಂತಹ ಹಿಂದಿನ ಶಿಕ್ಷಣ ಸಂಸ್ಥೆಗಳಲ್ಲಿ ಹೆಚ್ಚುವರಿ 50-65 ಶಾತಮಾನದ ವಿದ್ಯಾರ್ಥಿಗಳು ಯಾವುದೇ ರೂಪದ ಈ-ಲೆರ್ನಿಂಗ್‌ನ ರೂಪದಲ್ಲಿ ಭಾಗವಹಿಸುತ್ತಿದ್ದಾರೆ.	ಕೇಂದ್ರ ವಿಶ್ವವಿದ್ಯಾಲಯಗಳು, ಐಐಟಿಗಳು, ಟ್ರಿಪ್ಲೈಟಿಗಳು, ಎನ್‌ಐಟಿಗಳು, ಐಐಎಸ್‌ಇಆರ್‌ಗಳಂತಹ ಉನ್ನತ ಶಿಕ್ಷಣ ಸಂಸ್ಥೆಗಳಲ್ಲಿ ಸುಮಾರು 50-65 ಶೇಕಡಾ ವಿದ್ಯಾರ್ಥಿಗಳು ಕೆಲವು ರೀತಿಯ ಇ-ಲರ್ನಿಂಗ್‌ನಲ್ಲಿ ಭಾಗವಹಿಸುತ್ತಿದ್ದಾರೆ.	ಸೆಂಟ್ರಲ್ ಯೂನಿವರ್ಸಿಟಿಗಳು, ಐಐಟಿಗಳು, ಐಐಐಟಿಗಳು, ಎನ್ಐಟಿಗಳು, ಐಐಎಸ್ಇಆರ್ಗಳಂತಹ ಉನ್ನತ ಶಿಕ್ಷಣ ಸಂಸ್ಥೆಗಳಲ್ಲಿನ ವಿದ್ಯಾರ್ಥಿಗಳ ಸುಮಾರು 50-65 ಪ್ರತಿಶತ್ ಜನರು ಯಾವುದಾದರೂ ರೂಪದ ಇ-ಕಲಿಕೆಯಲ್ಲಿ ಭಾಗವಹಿಸುತ್ತಿದ್ದಾರೆ.	0.8874	0.9371	0.8742
707	[[0.9196124]]	The tripartite agreement was signed by Assam Chief Minister Sarbananda Sonowal, the top representatives of the four factions of the NDFB, ABSU, Joint Secretary in the Home Ministry Satyendra Garg and Assam Chief Secretary Kumar Sanjay Krishna.	ಬೋಡೋಲ್ಯಾಂಡ್ ನ ತ್ರಿಪಕ್ಷೀಯ ಒಪ್ಪಂದಕ್ಕೆ ಅಸ್ಸಾಂ ಮುಖ್ಯಮಂತ್ರಿ ಸರ್ಬಾನಂದಾ ಸೋನೋವಾಲ್, ಎನ್ ಡಿಎಫ್ ಬಿ, ಎಬಿಎಸ್ ಯುನ ಪ್ರಮುಖ ನಾಯಕರು, ಗೃಹ ಸಚಿವಾಲಯದ ಜಂಟಿ ಕಾರ್ಯದರ್ಶಿ ಸತ್ಯೇಂದ್ರ ಗರ್ಗ್ ಮತ್ತು ಅಸ್ಸಾಂ ಮುಖ್ಯ ಕಾರ್ಯದರ್ಶಿ ಕುಮಾರ್ ಸಂಜಯ್ ಕೃಷ್ಣಾ ಅವರು ಕೇಂದ್ರ ಗೃಹ ಸಚಿವ ಅಮಿತ್ ಶಾ ಸಮ್ಮುಖದಲ್ಲಿ ಸಹಿ ಹಾಕಿರುವುದಾಗಿ ವರದಿ ತಿಳಿಸಿದೆ.	0.9196124	True	True	ಅಸಾಮ್ ಮುಖ್ಯಮಂತ್ರಿ ಸರ್ಬನಂದ ಸೋನೊವಾಲ್, NDFB ನ ನಾಲ್ಕು ಪಂಗಡಗಳ ಮುಖಪಾತ್ರಗಳು, ABSU, ಗೃಹ ಮಂತ್ರಾಲಯದ ಜಾಯಿಂಟ್ ಸೆಕ್ರೆಟರಿ ಸತ್ಯೇಂದ್ರ ಗರ್ಗ್ ಮತ್ತು ಅಸಾಮ್ ಮುಖ್ಯ ಕಾರ್ಯದರ್ಶಿ ಕುಮಾರ್ ಸಂಜಯ್ ಕೃಷ್ಣನ ಸಹಚಿತ್ರ ಒಪ್ಪಂದ ಸಹಿ ಮಾಡಲಾಯಿತು.	ತ್ರಿಪಕ್ಷೀಯ ಒಪ್ಪಂದವನ್ನು অসমದ ಮುಖ್ಯಮಂತ್ರಿ ಸರ್ಬಾನಂದ ಸೋನೋವಾಲ್, ಎನ್‌ಡಿಎಫ್‌ಬಿ ಯ ನಾಲ್ಕು ವಿಭಜನೆಗಳ ಪ್ರಮುಖ ಪ್ರತಿನಿಧಿಗಳು, ಎಬಿಎಸ್‌ಯು, ಗೃಹ ಸಚಿವಾಲಯದ ಸಂಯುಕ್ತ ಕಾರ್ಯದರ್ಶಿ ಸತ್ಯೇಂದ್ರ ಗಾರ್ಗ್ ಮತ್ತು অসমದ ಮುಖ್ಯ ಕಾರ್ಯದರ್ಶಿ ಕುಮಾರ್ ಸಂಜಯ್ ಕೃಷ್ಣ ಅವರು ಸಹಿ ಹಾಕಿದರು.	ಅಸ್ಸಾಂ ಮುಖ್ಯಮಂತ್ರಿ ಸರ್ಬಾನಂದ ಸೋನೋವಾಲ್, ಎನ್‌ಡಿಎಫ್‌ಬಿಯ ನಾಲ್ಕು ಪಂಗಡಗಳ ಪ್ರಮುಖ ಪ್ರತಿನಿಧಿಗಳು, ಹೋಂ ಸಚಿವಾಲಯದ ಜಂಟಿ ಕಾರ್ಯದರ್ಶಿ ಸತ್ಯೇಂದ್ರ ಗಾರ್ಗ್ ಮತ್ತು ಅಸ್ಸಾಂ ಮುಖ್ಯ ಕಾರ್ಯದರ್ಶಿ ಕುಮಾರ್ ಸಂಜಯ್ ಕೃಷ್ಣಾ ಅವರು ತ್ರಿಪಕ್ಷೀಯ ಒಪ್ಪಂದಕ್ಕೆ ಸಹಿ ಹಾಕಿದರು.	0.8114	0.8264	0.8823
810	[[0.925492]]	Indian pair of Sania Mirza and Rohan Bopanna reached the Mixed doubles semi-final.	ಮಿಶ್ರ ಡಬಲ್ಸ್ ವಿಭಾಗದಲ್ಲಿ ಭಾರತದ ಸಾನಿಯ ಮಿರ್ಜಾ ಹಾಗೂ ರೋಹನ್ ಬೋಪಣ್ಣ ಜೋಡಿ ಕ್ವಾರ್ಟರ್ ಫೈನಲ್ ತಲುಪಿದೆ.	0.925492	True	True	ಭಾರತೀಯ ಜೋಡಿ ಸಾನಿಯಾ ಮಿರ್ಜಾ ಮತ್ತು ರೋಹನ್ ಬೊಪನಾ ಮಿಶ್ರ ಜೊಡಿ ಸೆಮಿ-ಫೈನಲ್ ತಲುಪಿತು.	ಭಾರತದ ಜೋಡಿ ಸಾನಿಯಾ ಮಿರ್ಜಾ ಮತ್ತು ರೋಹನ್ ಬೋಪಣ್ಣ ಮಿಶ್ರ ಡಬಲ್ಸ್ ಸೆಮಿಫೈನಲ್‌ಗೆ ತಲುಪಿದರು.	ಸಾನಿಯಾ ಮಿರ್ಜಾ ಮತ್ತು ರೋಹನ್ ಬೋಪಣ್ಣ ಅವರ ಭಾರತೀಯ ಜೋಡಿ ಮಿಶ್ರ ಡಬಲ್ಸ್ ಸೆಮಿಫೈನಲ್‍ಗೆ ತಲುಪಿತು.	0.8414	0.8748	0.8758
1094	[[0.9340658]]	These include Indian masala chai and British tea blends.	ಭಾರತದ ಮಸಾಲಾ ಚಾಯ್‌, ಮತ್ತು ಬ್ರಿಟಿಷ್‌ ಚಹಾದ ಹದವಾದ ಮಿಶ್ರಣಗಳು ಇವುಗಳಲ್ಲಿ ಸೇರಿವೆ.	0.9340658	True	True	ಇವುಗಳಲ್ಲಿ ಭಾರತೀಯ ಮಸಾಲಾ ಚಾಯ್ ಮತ್ತು ಬ್ರಿಟಿಷ್ ಟೀ ಬ್ಲೆಂಡ್ ಇವೆ.	ಇವುಗಳಲ್ಲಿ ಭಾರತೀಯ ಮಸಾಲಾ ಚಹಾ ಮತ್ತು ಬ್ರಿಟಿಷ್ ಚಹಾ ಮಿಶ್ರಣೆಗಳನ್ನು ಒಳಗೊಂಡಿವೆ.	ಇವುಗಳಲ್ಲಿ ಭಾರತೀಯ ಮಸಾಲಾ ಚಾಯಿ ಮತ್ತು ಬ್ರಿಟಿಷ್ ಟೀ ಮಿಶ್ರಣಗಳು ಸೇರಿವೆ.	0.8343	0.8499	0.8982
1196	[[0.9104315]]	The country's richest candidate Ramesh Kumar Sharma, who fought as an independent from Patliputra parliamentary seat in Bihar, lost his deposit as he secured only 1,556 votes.	ಬಿಹಾರದ ಪಾಟಲಿಪುತ್ರದಿಂದ ಸ್ವತಂತ್ರ ಅಭ್ಯರ್ಥಿಯಾಗಿ ಸ್ಪರ್ಧಿಸಿರುವ ಶ್ರೀಮಂತ ಅಭ್ಯರ್ಥಿ ರಮೇಶ್ ಕುಮಾರ್ ಶರ್ಮಾ ಕೇವಲ 1,556 ಮತಗಳನ್ನು ಪಡೆಯುವ ಮೂಲಕ ಠೇವಣಿ ಕಳೆದುಕೊಂಡಿದ್ದಾರೆ.	0.9104315	True	True	ದೇಶದ ಸಮೃದ್ಧತಮ ಉಮೇದಾರ ರಮೇಶ್ ಕುಮಾರ್ ಶರ್ಮಾ, ಬಿಹಾರದ ಪಟ್ಲಿಪುತ್ರ ಲೋಕಸಭಾ ಸ್ಥಾನದಿಂದ ಸ್ವತಂತ್ರವಾಗಿ ಹೋರಾಡಿದವರು, ಆತನ ಮಾತ್ರ ಮಾತ್ರ 1,556 ವೋಟ್ಗಳನ್ನು ಗಳಿಸಿದಾಗ ತನ್ನ ಡಿಪಾಸಿಟ್ ಕಳೆದುಕೊಂಡನು.	ದೇಶದ ಶ್ರೀಮಂತ ಅಭ್ಯರ್ಥಿ ರಾಮೇಶ್ ಕುಮಾರ್ ಶರ್ಮಾ, ಬಿಹಾರದ ಪಾಟ್ಲಿಪುತ್ರ ಸಂಸತ್ತಿನ ಸ್ಥಾನದಿಂದ ಸ್ವತಂತ್ರನಾಗಿ ಸ್ಪರ್ಧಿಸಿದ್ದ ಅವರು ಕೇವಲ 1,556 ಮತಗಳನ್ನು ಪಡೆಯುವ ಮೂಲಕ ಠೇವಣಿ ಕಳೆದುಕೊಂಡಿದ್ದಾರೆ.	ಬಿಹಾರದ ಪಟೇಲಿಪುತ್ರ ಲೋಕಸಭಾ ಕ್ಷೇತ್ರದಿಂದ ಸ್ವತಂತ್ರ ಅಭ್ಯರ್ಥಿಯಾಗಿ ಸ್ಪರ್ಧಿಸಿದ ದೇಶದ ಶ್ರೀಮಂತ ಅಭ್ಯರ್ಥಿ ರಮೇಶ್ ಕುಮಾರ್ ಶರ್ಮಾ, ಅವರು ಕೇವಲ ೧೫೫೬ ಮತಗಳನ್ನು ಪಡೆದು ತನ್ನ ಜಾಮೀನು ಕಳೆದುಕೊಂಡರು.	0.7906	0.9024	0.8923
1247	[[0.90232503]]	How many we infect: The average number of new infections caused by a typical infectious person, that is human transmissibility range (R0) is between 2to 3.1	ನಾವು ಎಷ್ಟು ಜನ ಸೋಂಕಿತರಾಗಬಹುದು: ಸಾಂಕ್ರಾಮಿಕ ವ್ಯಕ್ತಿಯಿಂದ ಉಂಟಾಗುವ ಹೊಸ ಸೋಂಕುಗಳ ಸರಾಸರಿ ಸಂಖ್ಯೆ, ಅಂದರೆ ಮಾನವ ಪ್ರಸರಣ ಶ್ರೇಣಿ (ಆರ್0) 2 ರಿಂದ 3 ರ ನಡುವೆ ಇರುತ್ತದೆ.	0.90232503	True	True	ನಾವು ಎಷ್ಟು ಪ್ರಭಾವಿತರಾಗಿದ್ದೇವೆ: ಒಂದು ಸಾಮಾನ್ಯ ಸೋಂಕಿನಿಂದ ಹೊರಬಂದ ಹೊಸ ಸೋಂಕುಗಳ ಸಾಧಾರಣ ಸಂಖ್ಯೆ, ಅದು ಮಾನವ ಸಂವಾದದ ಶ್ರೇಣಿ (R0) ಇರುವುದು 2 ಮತ್ತು 3.1 ನಡುವೆ.	ಈ ವಾಕ್ಯವನ್ನು ಕನ್ನಡಕ್ಕೆ ಅನುವಾದಿಸಲಾಗಿದೆ: ನಾವು ಎಷ್ಟು ಜನರಿಗೆ ಸೋಂಕು ತಗುಯಿಸುತ್ತೇವೆ: ಸಾಮಾನ್ಯವಾಗಿ ಸೋಂಕಿತ ವ್ಯಕ್ತಿಯಿಂದ ಉಂಟಾಗುವ ಸರಾಸರಿ ಹೊಸ ಸೋಂಕುಗಳ ಸಂಖ್ಯೆ, ಅಂದರೆ ಮಾನವ ಪ್ರಸರಣ ಶ್ರೇಣಿ (R0) 2 ರಿಂದ 3.1 ಮಧ್ಯೆ ಇರುತ್ತದೆ.	ನಾವು ಎಷ್ಟು ಜನರನ್ನು ಸೋಂಕು ಹರಡುತ್ತೇವೆ: ಸಾಮಾನ್ಯ ಸೋಂಕು ಹೊಂದಿರುವ ವ್ಯಕ್ತಿಯು ಉಂಟುಮಾಡುವ ಹೊಸ ಸೋಂಕುಗಳ ಸಂಖ್ಯೆ, ಅಂದರೆ ಮಾನವ ಸಾಂಕ್ರಾಮ್ಯ ವ್ಯಾಪ್ತಿ (R0) ಸುಮಾರು 2 ರಿಂದ 3.1 ರವರೆಗೆ ಇದೆ.	0.8192	0.8705	0.8588
1388	[[0.9131906]]	Cabinet approves establishment of new All India Institutes of Medical Sciences at Gorakhpur	ಗೋರಖ್ಪುರದಲ್ಲಿ ನೂತನ ಅಖಿಲ ಭಾರತ ವೈದ್ಯಕೀಯ ವಿಜ್ಞಾನ ಸಂಸ್ಥೆ ಸ್ಥಾಪನೆಗೆ ಸಚಿವ ಸಂಪುಟದ ಅನುಮೋದನೆ	0.9131906	True	True	ಮಂತ್ರಿ ಮಂಡಳಿ ಗೋರಖಪುರದಲ್ಲಿ ಹೊಸ ಅಖಿಲ ಭಾರತೀಯ ಆಯುರ್ವೇದ ವಿಜ್ಞಾನ ಸಂಸ್ಥೆಗಳ ಸ್ಥಾಪನೆಯನ್ನು ಅನುಮೋದನೆ ಮಾಡುತ್ತದೆ.	ಕ್ಯಾಬಿನೆಟ್ ಗೋರಖ್‌ಪುರದಲ್ಲಿ ಹೊಸ ಅಖಿಲ ಭಾರತ ವೈದ್ಯಕೀಯ ವಿಜ್ಞಾನ ಸಂಸ್ಥೆಗಳ ಸ್ಥಾಪನೆಗೆ ಅನುಮೋದನೆ ನೀಡಿದೆ.	ಗೋರಖ್ಪುರದಲ್ಲಿ ಹೊಸ ಎಲ್ಲಾ ಭಾರತ ವೈದ್ಯಕೀಯ ವಿಜ್ಞಾನ ಸಂಸ್ಥೆಗಳ ಸ್ಥಾಪನೆಗೆ ಕ್ಯಾಬಿನೆಟ್ ಅನುಮೋದನೆ ನೀಡಿದೆ.	0.8191	0.8583	0.8383
1439	[[0.9393764]]	Kings XI Punjab: KL Rahul, Mayank Agarwal, Yuvraj Singh, Karun Nair, David Miller, Marcus Stoinis, Axar Patel, Ravichandran Ashwin (captain), AJ Tye, Mohit Sharma, Mujeeb ur Rahman.	ಕಿಂಗ್ಸ್ ಎಲೆವನ್ ಪಂಜಾಬ್ : ಕೆಎಲ್ ರಾಹುಲ್(ವಿಕೆಟ್ ಕೀಪರ್), ಮಯಾಂಕ್ ಅಗರವಾಲ್, ಕರುಣ್ ನಾಯರ್, ಯುವರಾಜ್ ಸಿಂಗ್, ಡೇವಿಡ್ ಮಿಲ್ಲರ್, ಸ್ಟೋಯಿನಿಸ್, ಅಕ್ಷರ್ ಪಟೇಲ್, ಆರ್ ಅಶ್ವಿನ್(ನಾಯಕ), ಆಂಡ್ರ್ಯೂ ಟೈ, ಮೋಹಿತ್ ಶರ್ಮ, ಮುಜೀಬ್ ಉರ್ ರಹಮಾನ್.	0.9393764	True	True	ಕಿಂಗ್ಸ್ ಐ ಪಂಜಾಬ್: ಕೆ.ಎಲ್ ರಾಹುಲ್, ಮಯಂಕ್ ಅಗರ್ವಾಲ್, ಯುವ್ರಾಜ್ ಸಿಂಗ್, ಕರುಣ್ ನಾಯರ್, ಡೇವಿಡ್ ಮಿಲರ್, ಮಾರ್ಕಸ್ ಸ್ಟೋಯ್ನಿಸ್, ಅಕ್ಸರ್ ಪಟೆಲ್, ರವಿಚಂದ್ರನ್ ಅಶ್ವಿನ್ (ಕೆಪ್ಟನ್), ಎಜೆ ಟೈ, ಮೋಹಿತ್ ಶರ್ಮಾ, ಮುಜೀಬ್ ಉರ್ ರಹ್ಮಾನ್.	ಕಿಂಗ್ಸ್ ಇಲೆವೆನ್ ಪಂಜಾಬ್: ಕೆಎಲ್ ರಾಹುಲ್, ಮಯಾಂಕ್ ಅಗರ್ವಾಲ್, ಯುವರಾಜ್ ಸಿಂಗ್, ಕರಣ್ ನಾಯರ್, ಡೇವಿಡ್ ಮಿಲ್ಲರ್, ಮಾರ್ಕಸ್ ಸ್ಟೊಯ್ನಿಸ್, ಅಕ್ಷರ್ ಪಟೇಲ್, ರವಿಚಂದ್ರನ್ ಅಶ್ವಿನ್ (ನಾಯಕ), ಎಜೆ ಟೈ, ಮೋಹಿತ್ ಶರ್ಮಾ, ಮುಜೀಬ್ ಉರ್ ರಹ್ಮಾನ್.	ಕಿಂಗ್ಸ್ XI ಪಂಜಾಬ್: ಕೆಎಲ್ ರಾಹುಲ್, ಮಯಾಂಕ್ ಅಗರ್ವಾಲ್, ಯುವರಾಜ್ ಸಿಂಗ್, ಕರುಣ್ ನಾಯರ್, ಡೇವಿಡ್ ಮಿಲ್ಲರ್, ಮಾರ್ಕಸ್ ಸ್ಟೋಯಿನಿಸ್, ಅಕ್ಸರ್ ಪಟೇಲ್, ರವಿಚಂದ್ರನ್ ಆಶ್ವಿನ್ (ನಾಯಕ), ಎಜೆ ಟೈ, ಮೋಹಿತ್ ಶರ್ಮಾ, ಮುಜೀಬ್ ಉರ್ ರಹಮಾನ್.	0.9109	0.9414	0.9396
1455	[[0.9110018]]	Pamela Chopra helped them select tunes and instruments to give some of the songs a Punjabi flavour.	ಕೆಲವು ಹಾಡುಗಳಿಗೆ ಪಂಜಾಬಿ ಮಾಧುರ್ಯವನ್ನು ನೀಡುವ ಸಲುವಾಗಿ ರಾಗಗಳು ಮತ್ತು ವಾದ್ಯಗಳನ್ನು ಆಯ್ಕೆ ಮಾಡಲು ಪಮೇಲಾ ಚೋಪ್ರಾ ಸಹಾಯ ಮಾಡಿದರು.	0.9110018	True	True	ಪಮೇಲಾ ಚೋಪ್ರಾ ಕೆಲವು ಹಾಡುಗಳಿಗೆ ಪಂಜಾಬಿ ರುಚಿಯನ್ನು ನೀಡಲು ಧ್ವನಿಗಳನ್ನು ಮತ್ತು ಉಪಕರಣಗಳನ್ನು ಆಯ್ಕೆ ಮಾಡಿದರು.	ಪಮೇಲಾ ಚೋಪ್ರಾ ಅವರಿಗೆ ಕೆಲವು ಹಾಡುಗಳಿಗೆ ಪಂಜಾಬಿ ರುಚಿಯನ್ನು ನೀಡಲು ಧುನಗಳು ಮತ್ತು ವಾದ್ಯಗಳನ್ನು ಆಯ್ಕೆ ಮಾಡಲು ಸಹಾಯ ಮಾಡಿದರು.	ಪಮೇಲಾ ಚೋಪ್ರಾ ಅವರು ಕೆಲವು ಹಾಡುಗಳಿಗೆ ಪಂಜಾಬಿ ರುಚಿಯನ್ನು ನೀಡಲು ಸಂಗೀತ ಮತ್ತು ವಾದ್ಯಗಳನ್ನು ಆಯ್ಕೆ ಮಾಡಲು ಸಹಾಯ ಮಾಡಿದರು.	0.8740	0.9014	0.8984
1696	[[0.91864085]]	While in jail, Ajay makes friends with some other hardcore convicts, who are good at heart.	ಜೈಲಿನಲ್ಲಿರುವಾಗ, ಅಜಯ್ ಹೃದಯದಿಂದ ಒಳ್ಳೆಯವರಾಗಿರುವ ಕೆಲವು ಇತರ ಉಗ್ರ ಅಪರಾಧಿಗಳ ಸ್ನೇಹಬೆಳೆಸುತ್ತಾನೆ.	0.91864085	True	True	ಜೈಲಿನಲ್ಲಿರುವಾಗ, ಅಜಯ್ ಹೃದಯದಲ್ಲಿ ಒಳ್ಳೆಯವರಾದ ಕೆಲವು ಹಾರ್ಡ್ಕೋರ್ ದೋಷಿಗಳೊಂದಿಗೆ ಸ್ನೇಹಿತರಾಗುತ್ತಾನೆ.	ಜೈಲಿನಲ್ಲಿ ಇದ್ದಾಗ, ಅಜಯ್ ಹೃದಯದಿಂದ ಒಳ್ಳೆಯವರಾದ ಇತರ ಕೆಲವು ಕಠಿಣ ಅಪರಾಧಿಗಳ ಜೊತೆ ಸ್ನೇಹ ಮಾಡುತ್ತಾನೆ.	ಜೈಲಿನಲ್ಲಿರುವಾಗ, ಅಜಯ್ ಇತರ ಕಠಿಣ ಸೆರೆಯಾಳುಗಳೊಂದಿಗೆ ಸ್ನೇಹ ಬೆಳೆಸುತ್ತಾನೆ, ಅವರು ಹೃದಯದಲ್ಲಿ ಒಳ್ಳೆಯವರು.	0.8804	0.9280	0.8716
1705	[[0.9542007]]	The engine puts out 107 ps of power and 140 Nm of torque.	ಈ ಎಂಜಿನ್ 107 ಬಿ‍‍ಹೆಚ್‍‍ಪಿ ಪವರ್ ಹಾಗೂ 140 ಎನ್‍ಎಂ ಟಾರ್ಕ್ ಉತ್ಪಾದಿಸುತ್ತದೆ.	0.9542007	True	True	ಈ ಎಂಜಿನ್ 107 ಪಿಎಸ್ ಶಕ್ತಿ ಮತ್ತು 140 ಎನ್‌ಎಮ್ ಟಾರ್ಕ್ ಹೊಂದಿದೆ.	ಎಂಜಿನ್ 107 ಪಿಎಸ್ ಶಕ್ತಿ ಮತ್ತು 140 ಎನ್‌ಎಂ ಟಾರ್ಕ್ ಉತ್ಪಾದಿಸುತ್ತದೆ.	ಎಂಜಿನ್ 107 ಪಿಎಸ್ ಪಾವರ್ ಮತ್ತು 140 ಎನ್ಎಂ ಟಾರ್ಕ್ ಅನ್ನು ಉತ್ಪಾದಿಸುತ್ತದೆ.	0.8768	0.9004	0.9056
1712	[[0.9119242]]	Early in July 1974, I was in Nicosia when a coup to depose President Makarios took place, and I saw his palace go up in flames.	ಜುಲೈ 1974ರ ಆದಿ ಭಾಗದಲ್ಲಿ, ರಾಷ್ಟ್ರಾಧ್ಯಕ್ಷ ಮಾಕಾರಿಯೊಸ್‍ನನ್ನು ಪದಚ್ಯುತಮಾಡಲಿಕ್ಕಾಗಿ ನಡೆದ ಕ್ಷಿಪ್ರ ಕ್ರಾಂತಿಯ ಸಮಯದಲ್ಲಿ ನಾನು ನಿಕೊಸಿಯದಲ್ಲೇ ಇದ್ದೆ, ಮತ್ತು ಅವನ ಅರಮನೆಯು ಬೆಂಕಿಗೆ ಆಹುತಿಯಾಗುವುದನ್ನು ಕಣ್ಣಾರೆ ಕಂಡೆ.	0.9119242	True	True	ಜುಲೈ 1974 ರಲ್ಲಿ ಮೊದಲನೆಯೇ ಹೊರಟು ನಾನು ನಿಕೊಸಿಯಾದಲ್ಲಿ ಇದ್ದಾಗ, ರಾಷ್ಟ್ರಪತಿ ಮಕಾರಿಯೋಸ್‌ನನ್ನು ತೊಳೆಯುವ ಯಾತನೆಯ ಕೂಡ್ಪಟವಾಯಿತು, ಮತ್ತು ಅವರ ಅರಮನೆ ಉರಿಯುವುದನ್ನು ನಾನು ನೋಡಿದ್ದೆ.	1974ರ ಜುಲೈ ತಿಂಗಳ ಆರಂಭದಲ್ಲಿ, ನಾನು ನಿಕೋಸಿಯಾದಲ್ಲಿ ಇದ್ದಾಗ, ಅಧ್ಯಕ್ಷ ಮಕಾರಿಯೊಸ್ ಅವರನ್ನು ಅಧಿಕಾರದಿಂದ ಕೆಳಗಿಳಿಸಲು ತಿರುಗೇಟು ನಡೆಯಿತು, ಮತ್ತು ನಾನು ಅವರ ಅರಮನೆ ಬೆಂಕಿಗೆ ಆಹುತಿಯಾದುದನ್ನು ನೋಡಿದೆ.	ಜುಲೈ 1974ರ ಆರಂಭದಲ್ಲಿ, ನಿಕೋಸಿಯಾದಲ್ಲಿ ಇದ್ದೆ, ಅಧ್ಯಕ್ಷ ಮಕಾರಿಯೋಸ್ ಅನ್ನು ಪದಚ್ಯುತಗೊಳಿಸಲು ಒಂದು ಕೂಡಲೆ ನಡೆಯಿತು, ಮತ್ತು ಅವನ ಅರಮನೆ ಬೆಂಕಿಯಲ್ಲಿ ಸುಟ್ಟುಹೋಯಿತು.	0.8010	0.8244	0.8230
1895	[[0.921935]]	It creates an atmosphere of hate against dissenters and an atmosphere of sympathy for politicians like Modi.	ಭಿನ್ನಭಿಪ್ರಾಯವನ್ನು ವ್ಯಕ್ತಪಡಿಸುವವರ ವಿರುದ್ಧ ದ್ವೇಷದ ವಾತಾವರಣವನ್ನು ಹಾಗೂ ಮೋದಿಯವರಂತಹ ರಾಜಕಾರಣಿಗಳ ಬಗ್ಗೆ ಅನುಕಂಪದ ವಾತಾವರಣವನ್ನು ಈ ಮೂಲಕ ಸೃಷ್ಟಿಸಲಾಗುತ್ತದೆ.	0.921935	True	True	ಇದು ವಿಭಿನ್ನತಾವಾದಿಗಳ ವಿರುದ್ಧ ದ್ವೇಷದ ವಾತಾವರಣವನ್ನು ಮತ್ತು ಮೋದಿ ಹಾಗೂ ಪಾಲಕರಿಗೆ ಸಹಾನುಭೂತಿಯ ವಾತಾವರಣವನ್ನು ರಚಿಸುತ್ತದೆ.	ಇದು ವಿಭಿನ್ನ ಅಭಿಪ್ರಾಯ ಹೊಂದಿದವರ ವಿರುದ್ಧ ದ್ವೇಷದ ವಾತಾವರಣವನ್ನು ಮತ್ತು ಮೋದಿ ಮುಂತಾದ ರಾಜಕಾರಣಿಗಳಿಗಾಗಿ ಸಹಾನುಭೂತಿಯ ವಾತಾವರಣವನ್ನು ಸೃಷ್ಟಿಸುತ್ತದೆ.	ಮೋದಿಯಂತಹ ರಾಜಕಾರಣಿಗಳಿಗೆ ಸಹಾನುಭೂತಿಯ ವಾತಾವರಣ ಹಾಗೂ ವಿರೋಧಿಗಳ ವಿರುದ್ಧ ದ್ವೇಷದ ವಾತಾವರಣ ಸೃಷ್ಟಿಸುತ್ತದೆ.	0.8175	0.8784	0.8177
2022	[[0.9019324]]	Students raised slogans against the government.	ವಿದ್ಯಾರ್ಥಿಗಳು ಸರಕಾರದ ವಿದ್ಯಾರ್ಥಿ ವಿರೋಧಿ ನಡೆಗೆ ಘೋಷಣೆ ಕೂಗಿ ಆಕ್ರೋಶ ವ್ಯಕ್ತಪಡಿಸಿದರು.	0.9019324	False	True	ವಿದ್ಯಾರ್ಥಿಗಳು ಸರ್ಕಾರದ ವಿರುದ್ಧ ಧ್ವನಿಯನ್ನು ಎತ್ತಿದ್ದಾರೆ.	ವಿದ್ಯಾರ್ಥಿಗಳು ಸರ್ಕಾರದ ವಿರುದ್ಧ ಘೋಷಣೆಗಳನ್ನು ಕೂಗಿದರು.	ಸರ್ಕಾರದ ವಿರುದ್ಧ ವಿದ್ಯಾರ್ಥಿಗಳು ಘೋಷಣೆಗಳನ್ನು ಎತ್ತಿದರು.	0.7888	0.8434	0.8328
2108	[[0.9323634]]	( Read Hebrews 6: 13 - 18. Gal.	( ಇಬ್ರಿಯ 6: ​ 13 - 18 ಓದಿ. ಗಲಾ.	0.9323634	False	True	ಇದನ್ನು ಕನ್ನಡಕ್ಕೆ ಭಾಷಾಂತರಿಸಿ: (ಹೆಬ್ರೂಗಳಾಂತ 6: 13 - 18. ಗಲ.	ಹೀಬ್ರೂಗಳು 6: 13 - 18 ಅನ್ನು ಓದಿ. Gal.	ಹೀಬ್ರೂಗಳಿಗೆ 6: 13-18 ಮತ್ತು ಗಲತೀಯರಿಗೆ.	0.7993	0.8217	0.7839
2139	[[0.9030861]]	Abu Dhabi, the UAE capital, has a sovereign wealth fund of about USD 800 billion.	ಯುಎಇ ರಾಜಧಾನಿಯಾದ ಅಬುದಾಭಿ ಸುಮಾರು 800 ಶತಕೋಟಿ ಡಾಲರ್ ವೌಲ್ಯದ ಸಂಪತ್ತನ್ನು ಹೊಂದಿದೆ.	0.9030861	True	True	ಯುಎಇ ರಾಜಧಾನಿ ಅಬು ಧಾಬಿಯಲ್ಲಿ ಸಂಪ್ರದಾಯಿಕ ಧನಸಂಸ್ಥೆ ಇಲ್ಲಿದೆ, ಸುಮಾರು 800 ಬಿಲಿಯನ್ ಅಮೆರಿಕದ ಡಾಲರ್ಗಳು.	ಅಬು ಧಾಬಿ, ಯುಎಇ ರಾಜಧಾನಿ, ಸುಮಾರು 800 ಬಿಲಿಯನ್ ಅಮೇರಿಕನ್ ಡಾಲರ್ ಮೊತ್ತದ ಸ್ವಾಯತ್ತ ಸಂಪತ್ತು ನಿಧಿಯನ್ನು ಹೊಂದಿದೆ.	ಅಬು ಧಾಬಿ, ಯುಎಇ ರಾಜಧಾನಿ, ಸುಮಾರು ಯುಎಸ್‌ಡಿ 800 ಬಿಲಿಯನ್ ಸಾರ್ವಭೌಮ ಸಂಪತ್ತಿನ ನಿಧಿಯನ್ನು ಹೊಂದಿದೆ.	0.7991	0.8472	0.8377
2188	[[0.91663295]]	India Red: Parthiv Patel (Captain & wk), Shikhar Dhawan, Manish Pandey, Mayank Agarwal, Kedar Jadhav, Ishank Jaggi, Gurkeerat Mann, Axar Patel, Akshay Karnewar, Ashok Dinda, Kulwant Khejroliya, Dhawal Kulkarni, Govinda Poddar	ಇಂಡಿಯಾ ರೆಡ್‌ ತಂಡ: ಪಾರ್ಥಿವ್‌ ಪಟೇಲ್‌ (ನಾಯಕ), ಶಿಖರ್‌ ಧವನ್‌, ಮನೀಷ್‌ ಪಾಂಡೆ, ಮಾಯಾಂಕ್‌ ಅಗರ್ವಾಲ್‌, ಕೇದಾರ್‌ ಜಾಧವ್‌, ಇಶಾಂಕ್‌ ಜಗ್ಗಿ, ಗುರುಕೀರತ್‌ ಮಾನ್‌, ಅಕ್ಷರ್‌ ಪಟೇಲ್‌, ಅಕ್ಷಯ್‌ ಕರ್ಣೆವಾರ್‌, ಅಶೋಕ್‌ ದಿಂಡ, ಕುಲವಂತ್‌ ಖೆಜೊಲಿಯ, ಧವಳ್‌ ಕುಲಕರ್ಣಿ, ಗೋವಿಂದ ಪೋದ್ದರ್‌.	0.91663295	True	True	ಭಾರತ ರೆಡ್: ಪಾರ್ಥಿವ್ ಪಟೇಲ್ (ಕ್ಯಾಪ್ಟನ್ & ವಿಕೆ), ಶಿಖರ್ ಧವನ್, ಮಣಿಷ್ ಪಾಂಡೇ, ಮಯಂಕ್ ಅಗರ್ವಾಲ್, ಕೇದಾರ್ ಜಾಧವ್, ಈಶಾಂಕ್ ಜಗ್ಗಿ, ಗುರ್ಕೀರತ್ ಮಣ್ಣ್, ಅಕ್ಸರ್ ಪಟೇಲ್, ಅಕ್ಷಯ್ ಕರ್ಣೇವರ್, ಅಶೋಕ್ ದಿಂಡ, ಕುಲ್ವಂತ್ ಖೇಜ್ರೊಲಿಯಾ, ಧವಲ್ ಕುಲ್ಕರ್ಣಿ, ಗೋವಿಂದ ಪೊದ್ದಾರ್	ಭಾರತ ರೆಡ್: ಪಾರ್ಥಿವ್ ಪಟೇಲ್ (ನಾಯಕ ಮತ್ತು ವಿಕೆಟ್ ಕೀಪರ್), ಶಿಖರ್ ಧವನ್, ಮನೀಶ್ ಪಾಂಡೆ, ಮಯಾಂಕ್ ಅಗರವಾಲ್, ಕೆದರ್ ಜಾಧವ್, ಇಶಾಂಕ್ ಜಗ್ಗಿ, ಗುರ್ಕೀರತ್ ಮನ್, ಅಕ್ಷರ್ ಪಟೇಲ್, ಅಕ್ಷಯ್ ಕಾರ್ನೇವಾರ್, ಅಶೋಕ್ ದಿಂಡಾ, ಕುಲ್ವಂತ್ ಖೇಜ್ರೋಲಿಯಾ, ಧವಲ್ ಕುಲಕರ್ಣಿ, ಗೋವಿಂದ ಪಡ್ಡಾರ್.	ಇಂಡಿಯಾ ರೆಡ್: ಪಾರ್ಥಿವ್ ಪಟೇಲ್ (ನಾಯಕ & ವಿಕೆಟ್ ಕೀಪರ್), ಶಿಖರ್ ಧವನ್, ಮನೀಷ್ ಪಾಂಡೆ, ಮಯಾಂಕ್ ಅಗರ್ವಾಲ್, ಕೇದಾರ್ ಜಾಧವ್, ಇಶಾನ್ ಜಗ್ಗಿ, ಗುರ್ಕೀರತ್ ಮಾನ್, ಅಕ್ಷರ್ ಪಟೇಲ್, ಅಕ್ಷಯ್ ಕರ್ಣೇವಾರ್, ಅಶೋಕ್ ದಿಂಡಾ, ಕುಲ್ವಂತ್ ಖೇಜ್ರೋಲಿಯಾ, ಧವಲ್ ಕುಲ್ಕರ್ಣಿ, ಗೋವಿಂದ ಪೊಡ್ಡಾರ್	0.9105	0.9341	0.9201
2200	[[0.90295213]]	Karnataka Assembly Speaker KR Ramesh Kumar.	ರಾಜ್ಯ ವಿಧಾನ ಸಭೆಯ ಸಭಾಧ್ಯಕ್ಷ ಕೆ ಆರ್ ರಮೇಶ್ ಕುಮಾರ್ ಅಭಿಪ್ರಾಯ	0.90295213	False	True	ಕರ್ನಾಟಕ ವಿಧಾನ ಸಭೆ ಸ್ಪೀಕರ್ ಕೆ.ಆರ್. ರಮೇಶ್ ಕುಮಾರ್.	ಕರ್ನಾಟಕ ವಿಧಾನಸಭಾ ಸ್ಪೀಕರ್ ಕೆ.ಆರ್. ರಮೇಶ್ ಕುಮಾರ್.	ಕರ್ನಾಟಕ ವಿಧಾನಸಭೆ ಅಧ್ಯಕ್ಷ ಕೆಆರ್ ರಮೇಶ್ ಕುಮಾರ್.	0.8334	0.8270	0.8742
2240	[[0.9139881]]	At 5: 26 a.m. on December 26, the earth quaked five miles [8 km] south of the city of Bam in Iran.	ಡಿಸೆಂಬರ್‌ 26ರಂದು ಬೆಳಗ್ಗೆ 5: 26ಕ್ಕೆ, ಇರಾನಿನ ಬಾಮ್‌ ನಗರದ ಸುಮಾರು ಎಂಟು ಕಿಲೊಮೀಟರ್‌ ದಕ್ಷಿಣಕ್ಕೆ ಭೂಮಿಯು ಕಂಪಿಸಿತು.	0.9139881	True	True	ಡಿಸೆಂಬರ್ 26ರಂದು ಬೆಳಗ್ಗೆ 5:26 ಗಂಟೆಯಲ್ಲಿ ಈರಾನಿನ ಬಾಮ್ ನಗರದ ದಕ್ಷಿಣದಲ್ಲಿ ಪೃಥ್ವಿ ಐರೋಗಲಕ್ಷ ಮೈಲು [8 ಕಿಮೀ] ಭೂಕಂಪವಾಯಿತು.	ಡಿಸೆಂಬರ್ 26 ರಂದು ಬೆಳಿಗ್ಗೆ 5:26 ಕ್ಕೆ, ಇರಾನ್‌ನ ಬಾಮ್ ನಗರದಿಂದ ಐದು ಮೈಲಿ [8 ಕಿಮೀ] ದಕ್ಷಿಣಕ್ಕೆ ಭೂಕಂಪ ಸಂಭವಿಸಿತು.	ಡಿಸೆಂಬರ್ 26 ರಂದು ಬೆಳಿಗ್ಗೆ 5:26 ಕ್ಕು ಇರಾನ್ ದೇಶದ ಬಾಮ್ ನಗರದ ದಕ್ಷಿಣಕ್ಕೆ 5 ಮೈಲಿ [8 ಕಿ.ಮೀ.] ದೂರದಲ್ಲಿ ಭೂಕಂಪವಾಯಿತು.	0.8310	0.8726	0.8441
2502	[[0.9190543]]	Prime Minister releases commemorative coin in honour of Bharat Ratna Shri Atal Bihari Vajpayee	ಭಾರತ ರತ್ನ ಶ್ರೀ ಅಟಲ್ ಬಿಹಾರಿ ವಾಜಪೇಯಿ ಅವರ ಗೌರವಾರ್ಥ ಸ್ಮರಣಿಕೆ ನಾಣ್ಯವನ್ನು ಪ್ರಧಾನಮಂತ್ರಿಬಿಡುಗಡೆ ಮಾಡಿದರು	0.9190543	True	True	ಪ್ರಧಾನಿ ಭಾರತ ರತ್ನ ಶ್ರೀ ಅಟಲ್ ಬಿಹಾರಿ ವಾಜಪೇಯ್ ಅವರ ಸ್ಮರಣಾರ್ಥ ನೆನಪು ನಾಣಯ ಬಿಡುತ್ತಾರೆ.	ಪ್ರಧಾನ ಸಚಿವರು ಭಾರತ ರತ್ನ ಶ್ರೀ ಅಟಲ್ ಬಿಹಾರಿ ವಾಜಪೇಯಿ ಅವರ ಸ್ಮರಣಾರ್ಥ ಸ್ಮಾರಕ ನಾಣ್ಯವನ್ನು ಬಿಡುಗಡೆ ಮಾಡಿದರು.	ಪ್ರಧಾನ ಮಂತ್ರಿಯವರು ಭಾರತ ರತ್ನ ಶ್ರೀ ಅಟಲ್ ಬಿಹಾರಿ ವಾಜಪೇಯಿಯವರ ಗೌರವಾರ್ಥ ಸ್ಮಾರಕ ನಾಣ್ಯವನ್ನು ಬಿಡುಗಡೆ ಮಾಡಿದರು.	0.8397	0.8700	0.8969
2546	[[0.9192709]]	At the school level, special focus is being paid to improving quality of education, improving learning outcomes, giving a boost to innovation and scientific temper, improving infrastructure, using technology to improve understanding among the students.	ಶಾಲಾ ಮಟ್ಟದಲ್ಲಿ ಶಿಕ್ಷಣದ ಗುಣಮಟ್ಟವನ್ನು ಸುಧಾರಿಸಲು, ಕಲಿಕೆಯ ಫಲಿತಾಂಶಗಳನ್ನು ಸುಧಾರಿಸಲು, ನಾವೀನ್ಯತೆ ಮತ್ತು ವೈಜ್ಞಾನಿಕ ಮನೋಭಾವಕ್ಕೆ ಉತ್ತೇಜನ ನೀಡುವುದು, ಮೂಲಸೌಕರ್ಯಗಳನ್ನು ಸುಧಾರಿಸುವುದು, ವಿದ್ಯಾರ್ಥಿಗಳಲ್ಲಿ ತಿಳುವಳಿಕೆಯನ್ನು ಸುಧಾರಿಸಲು ತಂತ್ರಜ್ಞಾನವನ್ನು ಬಳಸುವುದರ ಕಡೆಗೂ ವಿಶೇಷ ಗಮನ ನೀಡಲಾಗುತ್ತಿದೆ.	0.9192709	True	True	ಶಾಲಾ ಮಟ್ಟದಲ್ಲಿ, ಶಿಕ್ಷಣದ ಗುಣಮಟ್ಟವನ್ನು ಸುಧಾರಿಸುವುದರಲ್ಲಿ ವಿಶೇಷ ಗಮನ ಕೊಡಲಾಗುತ್ತಿದೆ, ಕಲಿಯುವ ಫಲಿತಾಂಶಗಳನ್ನು ಸುಧಾರಿಸುವುದರಲ್ಲಿ, ಅಭಿವೃದ್ಧಿಯನ್ನು ನೀಡುವುದರಲ್ಲಿ, ವಿಜ್ಞಾನದ ಹಿತಚಿಂತನೆಯನ್ನು ಹೆಚ್ಚಿಸುವಲ್ಲಿ, ಸಾಧನೆಯನ್ನು ಸುಧಾರಿಸುವಲ್ಲಿ, ವಿದ್ಯಾರ್ಥಿಗಳ ನಡೆಯನ್ನು ಸಮಜ್ಞಾನ ಮೇಲೆ ಸುಧಾರಿಸುವಲ್ಲಿ ತಂತ್ರಜ್ಞಾನವನ್ನು ಬಳಸುವುದರಲ್ಲಿ ವಿಶೇಷ ಗಮನ ಕೊಡಲಾಗುತ್ತಿದೆ.	ಶಾಲಾ ಮಟ್ಟದಲ್ಲಿ ಶಿಕ್ಷಣದ ಗುಣಮಟ್ಟವನ್ನು ಸುಧಾರಿಸಲು, ಕಲಿಕೆಯ ಫಲಿತಾಂಶಗಳನ್ನು ಸುಧಾರಿಸಲು, ನಾವೀನ್ಯತೆ ಮತ್ತು ವೈಜ್ಞಾನಿಕ ಮನೋಭಾವವನ್ನು ಉತ್ತೇಜಿಸಲು, ಮೂಲಸೌಕರ್ಯವನ್ನು ಸುಧಾರಿಸಲು, ವಿದ್ಯಾರ್ಥಿಗಳ ನಡುವೆ ಅರ್ಥವತ್ತತೆಯನ್ನು ಹೆಚ್ಚಿಸಲು ತಂತ್ರಜ್ಞಾನವನ್ನು ಬಳಸುವಲ್ಲಿ ವಿಶೇಷ ಗಮನ ನೀಡಲಾಗುತ್ತಿದೆ.	ಶಾಲೆಯ ಮಟ್ಟದಲ್ಲಿ, ಶಿಕ್ಷಣದ ಗುಣಮಟ್ಟವನ್ನು ಸುಧಾರಿಸಲು, ಕಲಿಕೆಯ ಫಲಿತಾಂಶಗಳನ್ನು ಸುಧಾರಿಸಲು, ನವೀಕರಣ ಮತ್ತು ವೈಜ್ಞಾನಿಕ ಮನೋಭಾವಕ್ಕೆ ಪ್ರೋತ್ಸಾಹ ನೀಡಲು, ಅಂತರಸಂಪರ್ಕವನ್ನು ಸುಧಾರಿಸಲು ಮತ್ತು ವಿದ್ಯಾರ್ಥಿಗಳ ಅರ್ಥವನ್ನು ಸುಧಾರಿಸಲು ತಂತ್ರಜ್ಞಾನವನ್ನು ಬಳಸಲಾಗುತ್ತಿದೆ.	0.8079	0.8921	0.8566
2611	[[0.9355467]]	This is divided into 7,000 plots, in 195 villages in Gujarat and in 104 villages in Maharashtra.	ಇದಕ್ಕಾಗಿ ಗುಜರಾತ್ನಲ್ಲಿ 195 ಗ್ರಾಮಗಳಲ್ಲಿ ಮತ್ತು ಮಹಾರಾಷ್ಟ್ರದ 104 ಗ್ರಾಮಗಳಲ್ಲಿ 7,000 ಪ್ಲಾಟ್ಗಳು ವಿಂಗಡಿಸಲಾಗಿದೆ.	0.9355467	True	True	ಇದು ಗುಜರಾತ್ ನಲ್ಲಿ 195 ಗ್ರಾಮಗಳಲ್ಲಿ ಮತ್ತು ಮಹಾರಾಷ್ಟ್ರದ 104 ಗ್ರಾಮಗಳಲ್ಲಿ 7,000 ಪ್ಲಾಟ್ ಗಳಾಗಿ ವಿಭಾಗಗೊಂಡಿದೆ.	ಈದು 7,000 ಹಸಿಯೊಂದಿಗೆ ವಿಭಾಗಿಸಲಾಗಿದೆ, ಗುಜರಾತ್‌ನ 195 ಹಳ್ಳಿಗಳಲ್ಲಿ ಮತ್ತು ಮಹಾರಾಷ್ಟ್ರದ 104 ಹಳ್ಳಿಗಳಲ್ಲಿ.	ಇದು ಗುಜರಾತ್‍ನಲ್ಲಿ 195 ಹಳ್ಳಿಗಳಲ್ಲಿ ಮತ್ತು ಮಹಾರಾಷ್ಟ್ರದಲ್ಲಿ 104 ಹಳ್ಳಿಗಳಲ್ಲಿ 7,000 ಪ್ಲಾಟ್‍ಗಳಾಗಿ ವಿಂಗಡಿಸಲಾಗಿದೆ.	0.9214	0.8379	0.9179
2731	[[0.9019526]]	"""""""""""""""I feel proud to pronounce this publicly,"""""""""""""""" PM Modi had said."""""""""""""""	ಇದನ್ನು ಸಾರ್ವಜನಿಕವಾಗಿ ಉಚ್ಚರಿಸಲು ನನಗೆ ಹೆಮ್ಮೆ ಇದೆ” ಎಂದು ಪ್ರಧಾನಿ ಮೋದಿ ಹೇಳಿದ್ದರು.	0.9019526	True	True	"""ಈ ಸಾರಾಗತವನ್ನು ಸಾರುವುದರಿಂದ ನನಗೆ ಹೆಮ್ಮೆ ಇದೆ,"""" ಪ್ರಧಾನಿ ಮೋದಿ ಹೇಳಿದ್ದಾರೆ."""	"""""""""""""""ನಾನು ಇದನ್ನು ಸಾರ್ವಜನಿಕವಾಗಿ ಘೋಷಿಸುತ್ತಿರುವುದಕ್ಕೆ ಹೆಮ್ಮೆಪಡುತಿದ್ದೇನೆ,"""""""""""" ಪ್ರಧಾನಿ ಮೋದಿಯವರು ಹೇಳಿದ್ದಾರೆ."""	"""""""ಈ ಸಾರ್ವಜನಿಕವಾಗಿ ಹೇಳುವುದಕ್ಕೆ ನಾನು ಗರ್ವಿಸುತ್ತೇನೆ,"""" ಪ್ರಧಾನಿ ಮೋದಿ ಹೇಳಿದ್ದರು."""	0.8428	0.7950	0.8222
2969	[[0.9002638]]	These include migrants from within the countryHindi-speakers, tribals from Jharkhand, Hindu Bengalis from West Bengaland immigrants from Nepal and Bangladesh.	ಇವರಲ್ಲಿ ಭಾರತದೊಳಗಿಂದಲೇ ವಲಸೆ ಬಂದ ಹಿಂದಿ ಭಾಷಿಕರು, ಜಾರ್ಖಂಡದಿಂದ ಬಂದ ಬುಡಕಟ್ಟು ಜನರು, ಪಶ್ಚಿಮ ಬಂಗಾಲದಿಂದ ಬಂದ ಹಿಂದು ಬೆಂಗಾಲಿಗಳು ಹಾಗೂ ನೇಪಾಳ ಮತ್ತು ಬಾಂಗ್ಲಾದೇಶದಿಂದ ಬಂದ ವಲಸಿಗರು ಸೇರಿದ್ದಾರೆ.	0.9002638	True	True	ಇವು ದೇಶದ ಆಂತರಿಕ ಪ್ರವಾಸಿಗಳಾದ ಹಿಂದಿ ಮಾತನಾಡುವವರು, ಝಾರ್ಖಂಡಿನ ಜನಜಾತಿಯವರು, ಪಶ್ಚಿಮ ಬಂಗಾಳದಿಂದ ಬಂಗಾಳೀ ಹಿಂದೂಗಳು ಮತ್ತು ನೇಪಾಳ ಮತ್ತು ಬಂಗ್ಲಾದೇಶದವರು ಸೇರಿದವು.	ಇವುಗಳಲ್ಲಿ ದೇಶದ ಒಳಗಿನಿಂದ ಬಂದ ವಲಸೆ ಕಾರ್ಮಿಕರು, ಹಿಂದಿ ಮಾತನಾಡುವವರು, ಝಾರ್ಖಂಡ್‌ನ ಗಿರಿಜನರು, ಪಶ್ಚಿಮ ಬಂಗಾಳದ ಹಿಂದೂ ಬೆಂಗಾಲಿಗಳು ಮತ್ತು ನೆಪಾಳ ಮತ್ತು ಬಾಂಗ್ಲಾದೇಶದಿಂದ ಬಂದ ವಲಸಿಗರು ಸೇರಿದ್ದಾರೆ.	ದೇಶದ ಒಳಗಿನ ವಲಸಿಗರು, ಹಿಂದಿ ಮಾತಾಡುವವರು, ಝಾರ್ಖಂಡಿನ ಬುಡಕಟ್ಟು ಜನರು, ಪಶ್ಚಿಮ ಬಂಗಾಳದ ಹಿಂದೂ ಬೆಂಗಾಳಿಗಳು ಹಾಗೂ ನೇಪಾಳ ಮತ್ತು ಬಾಂಗ್ಲಾದೇಶದಿಂದ ಬಂದ ವಿದೇಶೀಯರು.	0.8217	0.8911	0.8598
3019	[[0.94089615]]	His mother Chandrakanta Goyal was elected three times to the Maharashtra Legislative Assembly from Mumbai.	ಇವರ ತಾಯಿ ಚಂದ್ರಕಾಂತಾ ಗೋಯಲ್‌ ಅವರು ಮೂರು ಬಾರಿ ಮುಂಬೈನಿಂದ ಮಹಾರಾಷ್ಟ್ರ ವಿಧಾನಸಭೆಗೆ ಆಯ್ಕೆಯಾಗಿದ್ದರು.	0.94089615	True	True	ಅವನ ತಾಯಿ ಚಂದ್ರಕಾಂತ ಗೋಯಲ್ ಮುಂಬಯಿಯಿಂದ ಮಹಾರಾಷ್ಟ್ರ ವಿಧಾನಸಭೆಗೆ ಮೂರು ಬಾರಿ ಆಯ್ಕೆಯಾಗಿದ್ದಾರೆ.	ಅವರ ತಾಯಿ ಚಂದ್ರಕಾಂತ ಗೋಯಲ್ ಅವರನ್ನು ಮುಂಬೈನಿಂದ ಮಹಾರಾಷ್ಟ್ರ ವಿಧಾನಸಭೆಗೆ ಮೂವರು ಬಾರಿ ಆಯ್ಕೆ ಮಾಡಲಾಯಿತು.	ಅವನ ತಾಯಿ ಚಂದ್ರಕಾಂತಾ ಗೋಯಲ್ ಮುಂಬೈನಿಂದ ಮಹಾರಾಷ್ಟ್ರ ವಿಧಾನಸಭೆಗೆ ಮೂರು ಬಾರಿ ಆಯ್ಕೆಯಾಗಿದ್ದರು.	0.9313	0.9121	0.9626
3135	[[0.9278115]]	Consider, too, these other examples: Romans 15: 30. 1 Thessalonians 5: 25. 2 Thessalonians 3: 1. Hebrews 13: 18.	ಈ ಕೆಳಗಿನ ಉದಾಹರಣೆಗಳನ್ನು ಸಹ ಪರಿಗಣಿಸಿರಿ: ರೋಮಾಪುರ 15: 30. 1 ಥೆಸಲೊನೀಕ 5: 25. 2 ಥೆಸಲೊನೀಕ 3: 1. ಇಬ್ರಿಯ 13 :⁠ 18.	0.9278115	True	True	ಈ ಇತರ ಉದಾಹರಣೆಗಳನ್ನೂ ಗಮನಿಸಿ: ರೋಮನ್ಗಳು 15: 30. 1 ಥೆಸಲೋನಿಕರೇಯ 5: 25. 2 ಥೆಸಲೋನಿಕರೇಯ 3: 1. ಹೀಬ್ರೂಗಳು 13: 18.	ಈ ಇತರ ಉದಾಹರಣೆಗಳನ್ನು ಕೂಡ ಪರಿಗಣಿಸಿ: ರೋಮನ್ನರು 15:30. 1 ಥೆಸ್ಸಲೋನಿಕದವರಿಗೆ 5:25. 2 ಥೆಸ್ಸಲೋನಿಕದವರಿಗೆ 3:1. ಇಬ್ರಿಯರಿಗೆ 13:18.	ಇವುಗಳನ್ನೂ ಪರಿಗಣಿಸಿ: ರೋಮಾನ್ಸ್ 15: 30. 1 ಥೆಸ್ಸಲೋನಿಕರು 5: 25. 2 ಥೆಸ್ಸಲೋನಿಕರು 3: 1. ಹೀಬ್ರೂಗಳು 13: 18.	0.8943	0.8927	0.8750
3250	[[0.9093311]]	Chief minister HD Kumaraswamy cancelled all his scheduled programmes and visited the accident site and announced a compensation of Rs 5 lakh each to the family of those who were killed.	ತಮ್ಮ ಎಲ್ಲಾ ಕಾರ್ಯಕ್ರಮಗಳನ್ನು ರದ್ದುಪಡಿಸಿ ದುರಂತ ನಡೆದ ಸ್ಥಳಕ್ಕೆ ಆಗಮಿಸಿದ ಮುಖ್ಯಮಂತ್ರಿ ಎಚ್. ಡಿ. ಕುಮಾರಸ್ವಾಮಿ, ಮೃತಪಟ್ಟವರ ಸಂಬಂಧಿಕರಿಗೆ ಸಾಂತ್ವನ ಹೇಳಿ, ಮೃತಪಟ್ಟ ಕುಟುಂಬದವರಿಗೆ ತಲಾ 5 ಲಕ್ಷ ರೂ.	0.9093311	True	True	ಮುಖ್ಯಮಂತ್ರಿ ಹೆಚ್ಡಿ ಕುಮಾರಸ್ವಾಮಿ ಎಲ್ಲಾ ನಿಯೋಜಿತ ಕಾರ್ಯಕ್ರಮಗಳನ್ನು ರದ್ದು ಮಾಡಿ ದುರಘಟನೆ ಸ್ಥಳಕ್ಕೆ ಭೇಟಿ ನೀಡಿ ಸಾವಿದವರ ಕುಟುಂಬದ ಪ್ರತಿಯೊಬ್ಬರಿಗೂ 5 ಲಕ್ಷ ರೂಪಾಯಿಗಳ ಕ್ಷತಿಪೂರ್ತಿ ಘೋಷಿಸಿದರು.	ಮುಖ್ಯಮಂತ್ರಿ ಎಚ್.ಡಿ. ಕುಮಾರಸ್ವಾಮಿ ತಮ್ಮ ಎಲ್ಲಾ ನಿಗದಿತ ಕಾರ್ಯಕ್ರಮಗಳನ್ನು ರದ್ದುಪಡಿಸಿ ಅಪಘಾತ ಸ್ಥಳಕ್ಕೆ ಭೇಟಿ ನೀಡಿದರು ಮತ್ತು ಮೃತಪಟ್ಟವರ ಕುಟುಂಬಗಳಿಗೆ ತಲಾ 5 ಲಕ್ಷ ರೂಪಾಯಿ ಪರಿಹಾರವನ್ನು ಘೋಷಿಸಿದರು.	ಮುಖ್ಯಮಂತ್ರಿ ಎಚ್ಡಿ ಕುಮಾರಸ್ವಾಮಿ ಅವರು ಎಲ್ಲಾ ನಿಗದಿತ ಕಾರ್ಯಕ್ರಮಗಳನ್ನು ರದ್ದುಗೊಳಿಸಿ ಅಪಘಾತ ಸ್ಥಳಕ್ಕೆ ಭೇಟಿ ನೀಡಿ ಸಾವಿನ ಪರಿಣಾಮವಾಗಿ ಮೃತರ ಕುಟುಂಬಗಳಿಗೆ ಪ್ರತಿಯೊಬ್ಬರಿಗೆ ರೂ. 5 ಲಕ್ಷ ಪರಿಹಾರವನ್ನು ಘೋಷಿಸಿದರು.	0.7691	0.8033	0.7888
3400	[[0.91113174]]	The Prime Minister, Shri Narendra Modi, will visit his Parliamentary Constituency of Varanasi, on the 22ndand 23rdof September.	ಪ್ರಧಾನಮಂತ್ರಿ ಶ್ರೀ ನರೇಂದ್ರ ಮೋದಿ ಅವರು ತಮ್ಮ ಲೋಕಸಭಾ ಕ್ಷೇತ್ರ ವಾರಾಣಸಿಗೆ ಸೆಪ್ಟೆಂಬರ್ 22 ಮತ್ತು 23ರಂದು ಭೇಟಿ ನೀಡಲಿದ್ದಾರೆ.	0.91113174	True	True	ಪ್ರಧಾನಮಂತ್ರಿ ಶ್ರೀ ನರೇಂದ್ರ ಮೋದಿ, 22ಮತ್ತು 23ನೇ ಸೆಪ್ಟೆಂಬರ್ ತನ್ನ ಪಾರ್ಲಿಯಾಮೆಂಟ್ ಚುನಾವಣಾಲಯವಾದ ವಾರಾಣಸಿಗೆ ಭೇಟಿ ನೀಡುತ್ತಾರೆ.	ಪ್ರಧಾನಮಂತ್ರಿ ಶ್ರೀ ನರೇಂದ್ರ ಮೋದಿಯವರು ಸೆಪ್ಟೆಂಬರ್ 22 ಮತ್ತು 23 ರಂದು ತಮ್ಮ ಸಂಸದೀಯ ಕ್ಷೇತ್ರವಾದ ವಾರಾಣಸಿಗೆ ಭೇಟಿ ನೀಡಲಿದ್ದಾರೆ.	ಪ್ರಧಾನ ಮಂತ್ರಿ ಶ್ರೀ ನರೇಂದ್ರ ಮೋದಿ, ಸೆಪ್ಟೆಂಬರ್ 22 ಮತ್ತು 23 ರಂದು ತನ್ನ ಸಂಸದೀಯ ಕ್ಷೇತ್ರವಾದ ವಾರಾಣಸಿಗೆ ಭೇಟಿ ನೀಡಲಿದ್ದಾರೆ.	0.8494	0.9282	0.9219
3479	[[0.9376235]]	The iPhone 11 series consists of iPhone 11, iPhone 11 Pro and iPhone 11 Pro Max.	ಐಫೋನ್ 11 ಸರಣಿಯು ಐಫೋನ್ 11, ಐಫೋನ್ 11 ಪ್ರೊ ಮತ್ತು ಐಫೋನ್ 11 ಪ್ರೊ ಮ್ಯಾಕ್ಸ್‌ ಫೋನ್‌ಗಳನ್ನು ಒಳಗೊಂಡಿದೆ.	0.9376235	True	True	ಐಫೋನ್ 11 ಸರಣಿಯಲ್ಲಿ ಐಫೋನ್ 11, ಐಫೋನ್ 11 ಪ್ರೊ ಮತ್ತು ಐಫೋನ್ 11 ಪ್ರೊ ಮ್ಯಾಕ್ಸ್ ಇದೆ.	ಐಫೋನ್ 11 ಸರಣಿ iPhone 11, iPhone 11 Pro ಮತ್ತು iPhone 11 Pro Max ಅನ್ನು ಒಳಗೊಂಡಿದೆ.	ಐಫೋನ್ 11 ಸರಣಿ ಐಫೋನ್ 11, ಐಫೋನ್ 11 ಪ್ರೋ ಮತ್ತು ಐಫೋನ್ 11 ಪ್ರೋ ಮ್ಯಾಕ್ಸ್ ಅನ್ನು ಒಳಗೊಂಡಿದೆ.	0.9400	0.8329	0.9625
3568	[[0.9221945]]	After some time, mini buses, jeep, van, cars, two-wheelers and LCVs were permitted to pass through the route.	ಕೆಲ ಸಮಯದ ಬಳಿಕ ಮಿನಿ ಬಸ್, ಜೀಪು, ವ್ಯಾನ್, ಕಾರು, ದ್ವಿಚಕ್ರ, ಎಲ್‌ಸಿವಿ ವಾಹನಗಳಿಗೆ ಮಾತ್ರ ಸಂಚಾರಕ್ಕೆ ಅವಕಾಶ ನೀಡಲಾಗಿತ್ತು.	0.9221945	True	True	ಕೆಲವು ಸಮಯದ ನಂತರ, ಮಿನಿ ಬಸ್ಸುಗಳು, ಜೀಪ್, ವ್ಯಾನ್, ಕಾರುಗಳು, ಎರಡು ಚಕ್ರಗಳು ಮತ್ತು LCVs ರಸ್ತೆಯಲ್ಲಿ ಹಾದಿಯಲ್ಲಿ ಹೋಗಲು ಅನುಮತಿ ನೀಡಲಾಯಿತು.	ಕೆಲವು ಸಮಯದ ನಂತರ, ಮಿನಿ ಬಸ್‌ಗಳು, ಜೀಪ್‌ಗಳು, ವ್ಯಾನ್‌ಗಳು, ಕಾರುಗಳು, ಎರಡು ಚಕ್ರ ವಾಹನಗಳು ಮತ್ತು ಎಲ್‌ಸಿವಿಗಳು ಮಾರ್ಗದ ಮೂಲಕ ಹೋಗಲು ಅನುಮತಿಸಲಾಯಿತು.	ಕೆಲವು ಸಮಯದ ನಂತರ, ಮಿನಿ ಬಸ್ಸುಗಳು, ಜೀಪ್, ವ್ಯಾನ್, ಕಾರುಗಳು, ಟು-ವೀಲರ್ಗಳು ಮತ್ತು ಎಲ್ಸಿವಿಗಳು ಮಾರ್ಗದ ಮೂಲಕ ಹಾದುಹೋಗಲು ಅನುಮತಿ ನೀಡಲಾಯಿತು.	0.8209	0.8408	0.8307
3723	[[0.9196742]]	MS Dhoni(captain), Suresh Raina, Ravindra Jadeja, Faf du Plessis, Harbhajan Singh, Dwayne Bravo, Shane Watson, Ambati Rayudu, Deepak Chahar, , Kanishk Seth, Lungi Ngidi, Dhruv Shorey, Murali Vijay, Sam Billings, Kshitiz Sharma, Monu Kumar, Chaitanya Bishnoi, Imran Tahir, Karn Sharma, Shardul Thakur, N Jagadeesan, David Willey, Mark Wood, KM Asif.	ಎಂ. ಎಸ್. ಧೋನಿ(ನಾಯಕ), ಹರ್ಭಜನ್ ಸಿಂಗ್, ಶೇನ್ ವ್ಯಾಟ್ಸನ್, ಡ್ವೇನ್ ಬ್ರಾವೋ, ಸುರೇಸ್ ರೈನಾ, ರವೀಂದ್ರ ಜಡೇಜಾ, ಅಂಬಾಟಿ ರಾಯುಡು, ಇಮ್ರಾನ್ ತಾಹೀರ್, ಫಾಫ್ ಡುಪ್ಲೆಸಿಸ್, ದೀಪಕ್ ಚಹಾರ್, ಶಾರ್ದೂಲ್ ಠಾಕೂರ್, ಮುರಳಿ ವಿಜಯ್, ಕರಣ್ ಶರ್ಮಾ, ಮೋಹಿತ್ ಶರ್ಮಾ, ಧ್ರುವ ಶೊರೆ, ಸ್ಕಾಟ್ ಕಗ್ಲಿಜಿನ್ ಮೋನು ಕುಮಾರ್, ಮಿಚೆಲ್ ಸ್ಯಾಂಟ್ನರ್, ಚೈತನ್ಯ ಬಿಶ್ನೂ, ನ ಜಗದೀಶನ್, ರುತುರಾಜ್ ಗಾಯಕ್ವಾಡ್, ಕೆಎಂ ಆಸೀಫ್	0.9196742	True	True	ಎಮ್.ಎಸ್. ಧೋನಿ(ಕ್ಯಾಪ್ಟನ್), ಸುರೇಶ್ ರೈನಾ, ರವೀಂದ್ರ ಜಾಡೇಜಾ, ಫಾಫ್ ಡು ಪ್ಲೆಸಿಸ್, ಹರ್ಭಜನ್ ಸಿಂಗ್, ಡ್ವೇನ್ ಬ್ರಾವೊ, ಶೇನ್ ವಾಟ್ಸನ್, ಅಂಬಾಟಿ ರಾಯುಡು, ದೀಪಕ್ ಚಾಹರ್, ಕನಿಷ್ಕ್ ಸೇತ್, ಲುಂಗಿ ನ್ಗಿಡಿ, ಧ್ರುವ್ ಶೋರೆ, ಮುರಳಿ ವಿಜಯ್, ಸ್ಯಾಮ್ ಬಿಲ್ಲಿಂಗ್, ಕ್ಷಿತಿಜ್ ಶರ್ಮ, ಮೋನು ಕುಮಾರ್, ಚೈತನ್ಯ ಬಿಶ್ನೋಯಿ, ಇಮ್ರಾನ್ ತಾಹಿರ್, ಕರ್ಣ್ ಶರ್ಮ, ಶಾರ್ದುಲ್ ತಾಕೂರ, ಎನ್ ಜಗದೀಸನ್, ಡೇವಿಡ್ ವಿಲ್ಲಿ, ಮಾರ್ಕ್ ವುಡ್, ಕೆಎಂ ಎಸಿಫ್.	ಎಂಎಸ್ ಧೋನಿ (ನಾಯಕ), ಸುರೇಶ್ ರೈನಾ, ರವೀಂದ್ರ ಜಡೇಜಾ, ಫಾಫ್ ಡು ಪ್ಲೆಸಿಸ್, ಹರ್ಭಜನ್ ಸಿಂಗ್, ಡ್ವೇನ್ ಬ್ರಾವೋ, ಶೇನ್ ವಾಟ್ಸನ್, ಅಂಬಟಿ ರಾಯುಡು, ದೀಪಕ್ ಚಹರ್, ಕನಿಷ್ಕ್ ಸೇಠ್, ಲುಂಗಿ ಎನ್‌ಗಿಡಿ, ಧ್ರುವ್ ಶೋರೆ, ಮುರಳಿ ವಿಜಯ್, ಸ್ಯಾಮ್ ಬಿಲ್ಲಿಂಗ್ಸ್, ಕ್ಷಿತಿಜ್ ಶರ್ಮಾ, ಮೋನು ಕುಮಾರ್, ಚೈತನ್ಯ ಬಿಷ್ಣೊಯಿ, ಇಮ್ರಾನ್ ತಾಹಿರ್, ಕರ್ಣ್ ಶರ್ಮಾ, ಶಾರ್ದುಲ್ ಠಾಕೂರ್, ಎನ್ ಜಗದೀಶನ್, ಡೇವಿಡ್ ವಿಲ್ಲಿ, ಮಾರ್ಕ್ ವುಡ್, ಕೆಎಂ ಆಸಿಫ್.	ಎಂ ಎಸ್ ಧೋನಿ(ನಾಯಕ), ಸುರೇಶ್ ರೈನಾ, ರವೀಂದ್ರ ಜಡೇಜಾ, ಫಾಫ್ ಡು ಪ್ಲೆಸಿಸ್, ಹರ್ಭಜನ್ ಸಿಂಗ್, ಡ್ವೇನ್ ಬ್ರಾವೋ, ಶೇನ್ ವಾಟ್ಸನ್, ಅಂಬಾಟಿ ರಾಯುಡು, ದೀಪಕ್ ಚಾಹರ್, ಕಾನಿಶ್ಕ್ ಸೇಥ್, ಲುಂಗಿ ಎನ್ಗಿಡಿ, ಧ್ರುವ್ ಷೋರೆ, ಮುರಳಿ ವಿಜಯ್, ಸ್ಯಾಮ್ ಬಿಲ್ಲಿಂಗ್ಸ್, ಕ್ಷಿತಿಜ್ ಶರ್ಮಾ, ಮೋನು ಕುಮಾರ್, ಚೈತನ್ಯ ಬಿಶ್ನೋಯಿ, ಇಮ್ರಾನ್ ತಾಹಿರ್, ಕರ್ಣ್ ಶರ್ಮಾ, ಶಾರ್ದುಲ್ ಠಾಕುರ್, ಎನ್ ಜಗದೀಶನ್, ಡೇವಿಡ್ ವಿಲ್ಲಿ, ಮಾರ್ಕ್ ವುಡ್, ಕೆ ಎಂ ಆಸಿಫ್.	0.8603	0.8692	0.8679
3765	[[0.90406775]]	The comparison between cricket and baseball demonstrates that many of baseball's distinctive elements are shared in various ways with its cousin sports.	ಕ್ರಿಕೆಟ್ ಮತ್ತು ಬೇಸ್ ಬಾಲ್ ನ ನಡುವಣ ಹೋಲಿಕೆಯು ಬೇಸ್ ಬಾಲ್ ನ ಹಲವು ವೈಶಿಷ್ಟ್ಯಪೂರ್ಣ ಅಂಶಗಳು ವಿವಿಧ ರೀತಿಗಳಲ್ಲಿ ಅದರ ದಾಯಾದಿ ಕ್ರೀಡೆಯಿಂದ ಹಂಚಿಕೊಳ್ಳಲ್ಪಟ್ಟಿರುವುದನ್ನು ತೋರಿಸುತ್ತದೆ.	0.90406775	True	True	ಕ್ರಿಕೆಟ್ ಮತ್ತು ಬೇಸ್ಬಾಲ್ ನಡುವಿನ ಹೋಲಿಕೆ ತೋರಿಸುವಂತೆ, ಬೇಸ್ಬಾಲ್ ವಿಶೇಷ ಅಂಶಗಳ ಹಲವು ರೀತಿಯಲ್ಲಿ ತನ್ನ ಬಂಧಿತ ಕ್ರೀಡಾರಸಗಳೊಂದಿಗೆ ಹಂಚಿಕೊಳ್ಳುವುದನ್ನು ತೋರುತ್ತದೆ.	ಕ್ರಿಕೆಟ್ ಮತ್ತು ಬೇಸ್ಬಾಲ್ ನಡುವಿನ ಹೋಲಿಕೆಯು, ಬೇಸ್ಬಾಲ್‌ನ ಅನೇಕ ವೈಶಿಷ್ಟ್ಯಪೂರ್ಣ ಅಂಶಗಳನ್ನು ಅದರ ಸಂಬಂಧಿ ಕ್ರೀಡೆಗಳೊಂದಿಗೆ ವಿಭಿನ್ನ ರೀತಿಯಲ್ಲಿ ಹಂಚಿಕೊಳ್ಳಲಾಗುತ್ತದೆ ಎಂಬುದನ್ನು ತೋರಿಸುತ್ತದೆ.	ಕ್ರಿಕೆಟ್ ಮತ್ತು ಬೇಸ್‌ಬಾಲ್ ನಡುವಿನ ಸಮಾನತೆಯು ಅದರ ಸಂಬಂಧಿ ಕ್ರೀಡೆಗಳೊಂದಿಗೆ ವಿವಿಧ ರೀತಿಯಲ್ಲಿ ಹಂಚಿಕೆಯಾಗಿರುವ ಬೇಸ್‌ಬಾಲ್‌ನ ಅನನ್ಯ ಅಂಶಗಳನ್ನು ತೋರಿಸುತ್ತದೆ.	0.8646	0.9116	0.8411
3791	[[0.9048499]]	Responding to questions on Prime Minister Narendra Modi's call for national self-reliance, BJP spokesperson and Rajya Sabha member, GVL Narasimha Rao, said there is not going to be any directive to buy local products but felt that a lot of people might themselves see the need to purchase those of good quality made in the country.	ಪ್ರಧಾನಿ ಮೋದಿ ಅವರ ರಾಷ್ಟ್ರೀಯ ಸ್ವಾವಲಂಬನೆ ಬಗ್ಗೆ ವರದಿಗಾರರ ಪ್ರಶ್ನೆಗೆ ಉತ್ತರಿಸಿದ ಬಿಜೆಪಿ ವಕ್ತಾರ ಹಾಗೂ ರಾಜ್ಯಸಭಾ ಸದಸ್ಯ ಜಿವಿಎಲ್ ನರಸಿಂಹರಾವ್ ಅವರು, ಸ್ಥಳೀಯ ಉತ್ಪನ್ನಗಳನ್ನು ಖರೀದಿಸಲು ಯಾವುದೇ ನಿರ್ದೇಶನವಿಲ್ಲ, ಆದರೆ ದೇಶದಲ್ಲಿ ತಯಾರಿಸಿದ ಉತ್ತಮ ಗುಣಮಟ್ಟದ ವಸ್ತುಗಳನ್ನು ಖರೀದಿಸುವ ಅಗತ್ಯವನ್ನು ಬಹಳಷ್ಟು ಜನರು ಕಾಣಬಹುದು ಎಂದರು.	0.9048499	True	True	ಪ್ರಧಾನಿ ನರೇಂದ್ರ ಮೋದಿಯವರ ರಾಷ್ಟ್ರಪ್ರಯತ್ನಕ್ಕೆ ಉತ್ತರ ನೀಡುತ್ತಿರುವಾಗ, ಬಿಜೆಪಿ ಪ್ರವಕ್ತೆ ಮತ್ತು ರಾಜ್ಯ ಸಭಾ ಸದಸ್ಯರಾದ ಜಿವಿಎಲ್ ನರಸಿಂಹ ರಾವ್ ಹೇಳಿದರು, ಸ್ಥಳೀಯ ಉತ್ಪನ್ನಗಳನ್ನು ಖರೀದಿಸಲು ಯಾವ ನಿರ್ದೇಶನವೂ ಇಲ್ಲ ಎಂದು ಅನ್ನಿಸಿದರು, ಆದರೆ ದೇಶದಲ್ಲಿ ತಯಾರಾಗಿದ್ದ ಉತ್ತಮ ಗುಣದ ಉತ್ಪನ್ನಗಳನ್ನು ಖರೀದಿಸಬೇಕೆಂದು ಅನೇಕ ಜನರು ತಾವು ನೋಡಬಹುದು ಎಂದರು.	ಪ್ರಧಾನಮಂತ್ರಿ ನರೇಂದ್ರ ಮೋದಿಯವರ ರಾಷ್ಟ್ರೀಯ ಸ್ವಾವಲಂಬನೆಗೆ ಕರೆ ನೀಡಿದ ವಿಷಯದಲ್ಲಿ ಪ್ರತಿಕ್ರಿಯಿಸುತ್ತಾ, ಬಿಜೆಪಿ ವಕ್ತಾರ ಮತ್ತು ರಾಜ್ಯಸಭಾ ಸದಸ್ಯರಾದ ಜಿ.ವಿ.ಎಲ್. ನರಸಿಂಹ ರಾವ್, ಸ್ಥಳೀಯ ಉತ್ಪನ್ನಗಳನ್ನು ಖರೀದಿಸಲು ಯಾವುದೂ ನಿರ್ದೇಶನ ನೀಡಲಾಗುವುದಿಲ್ಲ ಆದರೆ ದೇಶದಲ್ಲಿ ತಯಾರಿಸಲಾದ ಉತ್ತಮ ಗುಣಮಟ್ಟದ ಉತ್ಪನ್ನಗಳನ್ನು ಖರೀದಿಸಲು ಅನೇಕರು ತಾವೇ ಅಗತ್ಯವನ್ನು ಕಾಣಬಹುದು ಎಂದು ಅಭಿಪ್ರಾಯ ವ್ಯಕ್ತಪಡಿಸಿದರು.	ಪ್ರಧಾನ ಮಂತ್ರಿ ನರೇಂದ್ರ ಮೋದಿಯವರ ರಾಷ್ಟ್ರೀಯ ಸ್ವಾವಲಂಬನೆಯ ಆಹ್ವಾನಕ್ಕೆ ಪ್ರತಿಕ್ರಿಯಿಸುತ್ತಾ, ಬಿಜೆಪಿ ಪ್ರತಿನಿಧಿ ಹಾಗೂ ರಾಜ್ಯ ಸಭೆ ಸದಸ್ಯರಾದ ಜಿವಿಎಲ್ ನಾರಸಿಂಹ ರಾವ್ ಅವರು, ಸ್ಥಳೀಯ ಉತ್ಪನ್ನಗಳನ್ನು ಕೊಳ್ಳಲು ಯಾವುದೇ ನಿರ್ದೇಶನವಿರುವುದಿಲ್ಲವೆಂದು ಹೇಳಿದರು, ಆದರೆ ದೇಶದಲ್ಲಿ ಉತ್ಪಾದಿಸಲಾದ ಉತ್ತಮ ಗುಣಮಟ್ಟದ ಉತ್ಪನ್ನಗಳನ್ನು ಕೊಳ್ಳಲು ಅನೇಕ ಜನರು ಸ್ವಯಂ ಅವಶ್ಯಕತೆಯನ್ನು ಕಾಣುತ್ತಾರೆಂದು ಅಭಿಪ್ರಾಯಪಟ್ಟರು.	0.8157	0.8198	0.8413
3945	[[0.9017538]]	Speaking on the occasion, the Prime Minister said innovation is the need of the hour for every society and every era.	ಈ ಸಂದರ್ಭದಲ್ಲಿ ಮಾತನಾಡಿದ ಪ್ರಧಾನಮಂತ್ರಿಯವರು, ಪ್ರತಿಯೊಂದು ಯುಗಕ್ಕೂ, ಪ್ರತಿಯೊಂದು ಸಮಾಜಕ್ಕೂ ನಾವಿನ್ಯತೆ ಈ ಹೊತ್ತಿನ ಅಗತ್ಯವಾಗಿದೆ ಎಂದು ಹೇಳಿದರು.	0.9017538	True	True	ಸಭೆಯ ಸನ್ನಿಧಿಯಲ್ಲಿ ಪ್ರಧಾನಿ ಅನ್ನಿಸುತ್ತಾರೆ, ಅನುನಾಚನೆ ಪ್ರತಿ ಸಮಾಜಕ್ಕೂ ಮತ್ತು ಪ್ರತಿ ಯುಗಕ್ಕೂ ಅಗತ್ಯವಾಗಿದೆ ಎನ್ನುತ್ತಾರೆ.	ಈ ಸಂದರ್ಭದಲ್ಲಿ ಮಾತನಾಡಿದ ಪ್ರಧಾನಮಂತ್ರಿ, ಪ್ರತಿಯೊಂದು ಸಮಾಜ ಮತ್ತು ಪ್ರತಿಯೊಂದು ಯುಗಕ್ಕೂ ಆವಿಷ್ಕಾರವು ಅಗತ್ಯವೆಂದು ಹೇಳಿದರು.	ಆಚರಣೆಯ ಸಂದರ್ಭದಲ್ಲಿ, ಪ್ರಧಾನ ಮಂತ್ರಿಯು ಪ್ರತಿ ಸಮಾಜ ಮತ್ತು ಪ್ರತಿ ಯುಗದಲ್ಲಿ ನವೀಕರಣವು ಅವಶ್ಯಕತೆಯ ಅಗತ್ಯವಾಗಿದೆ ಎಂದು ಹೇಳಿದರು.	0.7933	0.9113	0.8300
4015	[[0.92314035]]	Born in Bihar's Muzaffarpur, Shivangi did her schooling from DAV Public school.	ಬಿಹಾರದ ಮುಜಾಫರ್​ಪುರದಲ್ಲಿ ಜನಿಸಿದ ಶಿವಾಂಗಿ ಡಿಎವಿ ಪಬ್ಲಿಕ್ ಸ್ಕೂಲ್​ನಲ್ಲಿ ಅಧ್ಯಯನ ಮಾಡಿದ್ದರು.	0.92314035	True	True	ಬಿಹಾರ್‌ನ ಮುಜಫ಼ರ್‌ಪುರ್‌ನಲ್ಲಿ ಹುಟ್ಟಿದ ಶಿವಾಂಗಿ ಡಿ.ಎ.ವಿ ಪಬ್ಲಿಕ್‌ ಶಾಲೆಯಲ್ಲಿ ಶಿಕ್ಷಣ ಪಡೆದಳು.	ಬಿಹಾರದ ಮುಜಾಫರ್‌ಪುರನಲ್ಲಿ ಜನಿಸಿದ ಶಿವಾಂಗಿ ಡಿಎವಿ ಪಬ್ಲಿಕ್ ಶಾಲೆಯಲ್ಲಿ ತನ್ನ ಶಾಲಾ ಶಿಕ್ಷಣವನ್ನು ಮುಗಿಸಿದರು.	ಬಿಹಾರದ ಮುಜಫ್ಫರ್‌ಪುರದಲ್ಲಿ ಜನಿಸಿದ ಶಿವಾಂಗಿ, ಡಿಎವಿ ಪಬ್ಲಿಕ್ ಶಾಲೆಯಿಂದ ತನ್ನ ಶಾಲಾ ಶಿಕ್ಷಣವನ್ನು ಪೂರೈಸಿದಳು.	0.8209	0.8964	0.8846
4178	[[0.9009219]]	He was accompanied by sister Priyanka Gandhi and senior Congress leaders K C Venugopal and Mukul Wasnik at the occasion.	ಅವರ ಸಹೋದರಿ ಹಾಗೂ ಪಕ್ಷದ ಪ್ರಧಾನ ಕಾರ್ಯದರ್ಶಿ ಪ್ರಿಯಾಂಕ ಗಾಂಧಿ ವಾದ್ರಾ , ಹಿರಿಯ ಕಾಂಗ್ರೆಸ್ ಮುಖಂಡರಾದ ಕೆಸಿ ವೇಣುಗೋಪಾಲ್ ಮತ್ತು ಮುಕುಲ್ ವಾಸ್ನಿಕ್ ಜತೆಗಿದ್ದರು.	0.9009219	True	True	ಆ ಸಂದರ್ಭದಲ್ಲಿ ಅವನು ತನ್ನ ತಂಗಿ ಪ್ರಿಯಾಂಕಾ ಗಾಂಧಿ ಹಾಗು ಪ್ರಮುಖ ಕಾಂಗ್ರೆಸ್ ನಾಯಕರಾದ ಕೆ.ಸಿ. ವೇಣುಗೊಪಾಲ್ ಮತ್ತು ಮುಕುಲ್ ವಾಸ್ನಿಕ್ ಇವರೊಡನೆ ಹೋಗಿದ್ದನು.	ಅವರು ಆ ಸಂದರ್ಭದಲ್ಲಿ ತಮ್ಮ ಸಹೋದರಿ ಪ್ರಿಯಾಂಕಾ ಗಾಂಧಿ ಮತ್ತು ಹಿರಿಯ ಕಾಂಗ್ರೆಸ್ ನಾಯಕರಾದ ಕೆ.ಸಿ. ವೇಣುಗೋಪಾಲ್ ಮತ್ತು ಮುಕುಲ್ ವಾಸ್ನಿಕ್ ಅವರೊಂದಿಗೆ ಇದ್ದರು.	ಅವನೊಡನೆ ಸಹೋದರಿ ಪ್ರಿಯಾಂಕಾ ಗಾಂಧಿ ಮತ್ತು ಹಿರಿಯ ಕಾಂಗ್ರೆಸ್ ನಾಯಕರು ಕೆ ಸಿ ವೇಣುಗೋಪಾಲ್ ಮತ್ತು ಮುಕುಲ್ ವಾಸ್ನಿಕ್ ಆ ಸಂದರ್ಭದಲ್ಲಿ ಇದ್ದರು.	0.8222	0.8628	0.8684
4200	[[0.9001987]]	Under these circumstances, a very large section in Bihar had accepted debt, disease, helplessness, illiteracy as their fate.	ಇಂತಹ ಪರಿಸ್ಥಿತಿಯಲ್ಲಿ, ಬಿಹಾರದ ಬಹತೇಕ ಜನರು ಸಾಲ, ರೋಗ, ಅಸಹಾಯಕತೆ, ಅನಕ್ಷರತೆಯನ್ನು ತಮ್ಮ ಹಣೆಬರೆಹ ಎಂದು ಒಪ್ಪಿಕೊಂಡಿದ್ದರು.	0.9001987	True	True	ಈ ಪರಿಸ್ಥಿತಿಗಳ ಅಡ್ಡಹಾದಿಯಲ್ಲಿ, ಬಿಹಾರದ ಅತ್ಯಂತ ದೊಡ್ಡ ಭಾಗವು ತಮ್ಮ ಭಾಗ್ಯವೆಂದು ಕಟ್ಟೆ, ರೋಗ, ಸಹಾಯವಿಲ್ಲದೇವರು, ಓದದುಗಳನ್ನು ಒಪ್ಪಿಕೊಂಡಿತು.	ಈ ಪರಿಸ್ಥಿತಿಗಳಲ್ಲಿ, ಬಿಹಾರದಲ್ಲಿ ಬಹಳ ದೊಡ್ಡ ವರ್ಗವು ಸಾಲ, ರೋಗ, ಅಸಹಾಯತೆ, ಅಕ್ಷರಾಸಕ್ಷರತೆಯನ್ನು ತಮ್ಮ ವಿಧಿಯೆಂದು ಒಪ್ಪಿಕೊಂಡಿದ್ದರು.	ಈ ಪರಿಸ್ಥಿತಿಗಳಲ್ಲಿ, ಬಿಹಾರದಲ್ಲಿ ಒಂದು ಅತ್ಯಂತ ದೊಡ್ಡ ವಿಭಾಗವು ಸಾಲ, ರೋಗ, ನಿರುಪಾಯತೆ, ಅಕ್ಷರಾಗ್ರತೆಯನ್ನು ತಮ್ಮ ಪ್ರಾಪ್ತಿಯೆಂದು ಒಪ್ಪಿಕೊಂಡಿತ್ತು.	0.8024	0.8884	0.8503
4210	[[0.9433562]]	Other famous musicians in the court were Gotuvadyam Narayana Iyengar of Tirunaveli (Tamil Nadu), Tiruvayyar Subramanya Iyer, and Anavatti Rama Rao of Anavatti (in Shivamogga district) who was a scholar, poet and dramatist.	ಆಸ್ಥಾನದಲ್ಲಿ ಇತರ ಪ್ರಸಿದ್ಧ ಸಂಗೀತಗಾರರು ತಿರುನವೇಲಿಯ (ತಮಿಳುನಾಡು) ಗೊಟುವಾಡಿಯಂ ನಾರಾಯಣ ಅಯ್ಯಂಗಾರ್, ತಿರುವಯ್ಯರ್ ಸುಬ್ರಮಣ್ಯ ಅಯ್ಯರ್ ಮತ್ತು ವಿದ್ವಾಂಸ, ಕವಿ ಮತ್ತು ನಾಟಕಕಾರರಾಗಿದ್ದ ಅನವತ್ತಿಯ (ಶಿವಮೊಗ್ಗ ಜಿಲ್ಲೆಯ) ಅನವಟ್ಟಿ ರಾಮ ರಾವ್.	0.9433562	True	True	ನ್ಯಾಯಾಲಯದಲ್ಲಿ ಇತರ ಪ್ರಸಿದ್ಧ ಸಂಗೀತಗಾರರು ತಿರುನಾವೆಲಿಯ ಗೋತುವಾದ್ಯಂ ನಾರಾಯಣ ಐಯಂಗಾರ್, ತಿರುವಾಯ್ಯಾರ್ ಸುಬ್ರಮಣ್ಯ ಐಯರ್ ಮತ್ತು ಅನವಟ್ಟಿ ರಾಮ ರಾವ್ ಇವರುಗಳು ಕೃತಿಜ್ಞ, ಕವಿ ಮತ್ತು ನಾಟಕಕಾರರು.	ಇತರ ಪ್ರಸಿದ್ಧ ಸಂಗೀತಕಾರರು ತಮಿಳುನಾಡಿನ ತಿರುನೆಲ್ವೇಲಿಯ ಗೋತುವಾದ್ಯಂ ನಾರಾಯಣ ಅಯ್ಯಂಗಾರ್, ತಿರುವಾಯ್ಯಾರ್ ಸುಬ್ರಹ್ಮಣ್ಯ ಅಯ್ಯರ್, ಹಾಗೂ ಶಿವಮೊಗ್ಗ ಜಿಲ್ಲೆಯ ಅನವಟ್ಟಿಯ ವಿದ್ವಾಂಸ, ಕವಿ ಹಾಗೂ ನಾಟಕಕಾರರಾದ ಅನವಟ್ಟಿ ರಾಮ ರಾವ್.	ಆದರ್ಶ ಸಂಗೀತಗಾರರಲ್ಲಿ ತಿರುನೆಲ್ವೇಲಿಯ ಗೋಟುವಾದ್ಯಂ ನಾರಾಯಣ ಐಯ್ಯಂಗಾರ್, ತಿರುವಾಯೂರು ಸುಬ್ರಹ್ಮಣ್ಯ ಐಯ್ಯರ್, ಶಿವಮೊಗ್ಗ ಜಿಲ್ಲೆಯ ಆನವಟ್ಟಿಯ ಆನವಟ್ಟಿ ರಾಮ ರಾವ್ ಇವರು ವಿದ್ವಾಂಸ, ಕವಿ ಹಾಗೂ ನಾಟಕಕಾರರಾಗಿದ್ದರು.	0.8039	0.8422	0.8130
4225	[[0.9049292]]	An Indian-American woman, Dhivya Suryadevara has been named the Chief Finance Officer of the US largest automaker, General Motors.	ಅಮೆರಿಕದ ಪ್ರಸಿದ್ಧ 'ಜನರಲ್ ಮೋಟಾರ್ಸ್‌'ನ ಮುಖ್ಯ ಹಣಕಾಸು ಅಧಿಕಾರಿಯಾಗಿ ಇಂಡೋ- ಅಮೆರಿಕನ್ ಮಹಿಳೆ ದಿವ್ಯಾ ಸೂರ್ಯದೇವರ ಆಯ್ಕೆಯಾಗಿದ್ದಾರೆ.	0.9049292	True	True	ಭಾರತೀಯ-ಅಮೆರಿಕನ್ ಮಹಿಳೆ, ಧಿವ್ಯ ಸೂರ್ಯದೇವರನು ಅಮೆರಿಕಾದ ಪ್ರಮುಖ ಮೋಟರ್ ನಿರ್ಮಾತೆ, ಜನರಲ್ ಮೋಟರ್ಸ್ ನ ಮುಖ್ಯ ಹಣಕಾರರನ್ನು ನೇಮಕಗೊಳಿಸಲಾಗಿದೆ.	ಭಾರತೀಯ-ಅಮೇರಿಕನ್ ಮಹಿಳೆ ಧಿವ್ಯಾ ಸೂರ್ಯದೇವರ ಅವರನ್ನು ಅಮೇರಿಕಾದ ಅತಿದೊಡ್ಡ ವಾಹನ ತಯಾರಿಕಾ ಕಂಪನಿಯಾದ ಜನರಲ್ ಮೋಟರ್ಸ್‌ನ ಮುಖ್ಯ ಹಣಕಾಸು ಅಧಿಕಾರಿಯಾಗಿ ನೇಮಕ ಮಾಡಲಾಗಿದೆ.	ಅಮೇರಿಕಾ-ಭಾರತೀಯ ಮಹಿಳೆ ಧಿವ್ಯಾ ಸೂರ್ಯದೇವರ ಅವರನ್ನು ಅಮೇರಿಕಾದ ಅತಿ ದೊಡ್ಡ ವಾಹನ ತಯಾರಕ ಜನರಲ್ ಮೋಟಾರ್ಸ್‍ನ ಮುಖ್ಯ ಹಣಕಾಸು ಅಧಿಕಾರಿಯಾಗಿ ನೇಮಿಸಲಾಗಿದೆ.	0.8061	0.8108	0.8165
4252	[[0.90007323]]	He tagged the Prime Ministers Office (PMO) in his tweet.	ಅವರು ತಮ್ಮ ಟ್ವೀಟ್‌ನಲ್ಲಿ ಪ್ರಧಾನ ಮಂತ್ರಿಗಳ ಕಚೇರಿ (ಪಿಎಂಒ) ಅನ್ನು ಟ್ಯಾಗ್ ಮಾಡಿದ್ದಾರೆ.	0.90007323	True	True	ಅವನು ತನು ಟ್ವೀಟ್‌ನಲ್ಲಿ ಪ್ರಧಾನ ಮಂತ್ರಿ ಕಾರ್ಯಾಲಯವನ್ನು (PMO) ಟ್ಯಾಗ್ ಮಾಡಿದನು.	ಅತನು ತನ್ನ ಟ್ವೀಟ್‌ನಲ್ಲಿ ಪ್ರಧಾನಮಂತ್ರಿ ಕಚೇರಿಯನ್ನು (PMO) ಟ್ಯಾಗ್ ಮಾಡಿದರು.	ಅವನು ತನ್ನ ಟ್ವೀಟ್‍ನಲ್ಲಿ ಪ್ರಧಾನ ಮಂತ್ರಿ ಕಾರ್ಯಾಲಯವನ್ನು (ಪಿಎಂಒ) ಟ್ಯಾಗ್ ಮಾಡಿದ್ದಾನೆ.	0.8683	0.8987	0.9244
4275	[[0.9015595]]	The main celebration of the Diocese was held at the Milagres Cathedral Kallianpur under the leadership of Dr Gerald Isaac Lobo, Bishop of Udupi.	ಧರ್ಮಪಾಂತ್ಯದ ಪ್ರಧಾನ ಧಾರ್ಮಿಕ ಕಾರ್ಯಕ್ರಮ ಕಲ್ಯಾಣಪುರ ಮಿಲಾಗ್ರಿಸ್ ಕೆಥೆಡ್ರಲ್‌ನಲ್ಲಿ ಉಡುಪಿ ಧರ್ಮಪ್ರಾಂತ್ಯದ ಧರ್ಮಾಧ್ಯಕ್ಷ ವಂ. ಡಾ. ಜೆರಾಲ್ಡ್ ಐಸಾಕ್ ಲೋಬೊ ನೇತೃತ್ವದಲ್ಲಿ ನಡೆಯಿತು.	0.9015595	True	True	ಉಡುಪಿ ಧರ್ಮಕ್ಷೇತ್ರದ ಪುನರ್ನಿರ್ಮಾಣ ತಿರುನಿಮಿತ್ತದ ಪ್ರಮುಖ ಆಚರಣೆ ಡಾ. ಜೆರಲ್ಡ್ ಐಸಾಕ್ ಲೋಬೋ ಯುಪಿ ಧರ್ಮಪಾಲಕನ ನಾಯಕತ್ವದಲ್ಲಿ ಕಲ್ಯಾಣಪುರದ ಮಿಲಗ್ರೆಸ್ ದೇವಾಲಯದಲ್ಲಿ ನಡೆದಿತು.	ಉಡುಪಿ ಧರ್ಮಕ್ಷೇತ್ರದ ಬಿಷಪ್ ಡಾ. ಜೆರಾಲ್ಡ್ ಐಸಾಕ್ ಲೋಬೋ ಅವರ ನೇತೃತ್ವದಲ್ಲಿ ಕೇಂದ್ರ ಸಂಭ್ರಮಾಚರಣೆ ಮಿಲಾಗ್ರೆಸ್ ಕತೀಡ್ರಲ್ ಕಲ್ಯಾಣ್ಪುರದಲ್ಲಿ ನಡೆಯಿತು.	ಉಡುಪಿ ಬಿಷಪ್ ಡಾ. ಜೆರಾಲ್ಡ್ ಐಸಾಕ್ ಲೋಬೋರ ನೇತೃತ್ವದಲ್ಲಿ ಕಲ್ಲಿಯನ್ಪುರದ ಮಿಲಾಗ್ರೆಸ್ ಕ್ಯಾಥೆಡ್ರಲ್ನಲ್ಲಿ ಡಯೋಸಿಸ್ನ ಮುಖ್ಯ ಸಮಾರಂಭವು ನಡೆಯಿತು.	0.8043	0.8248	0.8166
4325	[[0.9249353]]	In the last 24 hours, 3561 new confirmed cases have been added and 1084 patients were found cured	ಕಳೆದ 24 ಗಂಟೆಗಳಲ್ಲಿ, 3561 ಹೊಸ ದೃಢಪಡಿಸಿದ ಪ್ರಕರಣಗಳನ್ನು ವರದಿಯಾಗಿದ್ದು, 1084 ರೋಗಿಗಳು ಗುಣಮುಖರಾಗಿದ್ದಾರೆ.	0.9249353	True	True	ಕಳೆದ 24 ಗಂಟೆಗಳಲ್ಲಿ, 3561 ಹೊಸ ದೃಢೀಕೃತ ಪ್ರಕರಣಗಳನ್ನು ಸೇರಿಸಲಾಗಿದೆ ಮತ್ತು 1084 ರೋಗಿಗಳು ಸುಧಾರಿತ ಆಗಿದ್ದಾರೆ	ಕೊನೆಗಿನ 24 ಗಂಟೆಗಳಲ್ಲಿ, 3561 ಹೊಸ ದೃಢೀಕೃತ ಪ್ರಕರಣಗಳು ಸೇರಿಸಲಾಗಿದೆ ಮತ್ತು 1084 ರೋಗಿಗಳು ಗುಣಮುಖರಾಗಿದ್ದಾರೆ.	ಕಳೆದ 24 ಗಂಟೆಗಳಲ್ಲಿ, 3561 ಹೊಸ ದೃಢೀಕೃತ ಪ್ರಕರಣಗಳು ಸೇರ್ಪಡೆಯಾಗಿದ್ದು, 1084 ರೋಗಿಗಳು ಗುಣಹೊಂದಿದ್ದಾರೆ.	0.8931	0.9208	0.9133
4375	[[0.9074027]]	Ex-post facto approval for formation of an Indian Institute of Science Education and Research (IISER), Berhampur Society under the Societies Registration Act, 1860.	ಸೊಸೈಟಿಗಳ ನೋಂದಣಿ ಕಾಯಿದೆ, 1860ರ ಅಡಿಯಲ್ಲಿ ಬೆಹರಾಂಪುರ್ ನಲ್ಲಿ ಭಾರತೀಯ ವಿಜ್ಞಾನ ಶಿಕ್ಷಣ ಮತ್ತು ಸಂಶೋಧನಾ ಸಂಸ್ಥೆ (ಐಐಎಸ್ಇಆರ್) ಸ್ಥಾಪನೆಗೆ ಪೂರ್ವಾನ್ವಯ ಸಮ್ಮತಿ.	0.9074027	True	True	ಭಾರತೀಯ ವಿಜ್ಞಾನ ಶಿಕ್ಷಣ ಮತ್ತು ಸಂಶೋಧನಾ ಸಂಸ್ಥೆ (IISER), ಬೆರಂಪುರ್ ಸೊಸೈಟಿಯು 1860 ರ ಸೊಸೈಟೀಗಳು ನೋಂದಣೆ ನಿಧಿಯ ಮೇಲೆ ಚರ್ಚಿತವಾಗಿದೆ.	ಸಮಾಜಗಳ ನೋಂದಣಿ ಕಾಯ್ದೆ, 1860 ಅಡಿ ಭಾರತೀಯ ವಿಜ್ಞಾನ ಶಿಕ್ಷಣ ಮತ್ತು ಸಂಶೋಧನಾ ಸಂಸ್ಥೆ (IISER), ಬೆರಹಂಪುರ ಸಮಾಜದ ರಚನೆಗೆ ಹಿಂಬದ್ಧ ಅನುಮೋದನೆ.	1860 ರ ಸೊಸೈಟಿಗಳ ನೋಂದಣಿ ಕಾಯಿದೆಯ ಅಡಿಯಲ್ಲಿ ಬೆರ್ಹಂಪುರ ಸೊಸೈಟಿಯ ರೂಪುಗೊಳ್ಳುವಿಕೆಗೆ ನಂತರ ಅನುಮೋದನೆ ಭಾರತೀಯ ವಿಜ್ಞಾನ ಶಿಕ್ಷಣ ಮತ್ತು ಸಂಶೋಧನೆ ಸಂಸ್ಥೆ (ಐಐಎಸ್ಇಆರ್),	0.8046	0.8093	0.8599
4412	[[0.90945315]]	Amitabh Bachchan has been honoured with four National Film Awards, for the films Agneepath, Black, Paa and Piku.	'ಅಗ್ನೀಪಥ್, ಬ್ಲ್ಯಾಕ್, ಪಾ, ಪಿಕು' ಸಿನಿಮಾಕ್ಕೆ ಅಮಿತಾಭ್ ನಾಲ್ಕು ರಾಷ್ಟ್ರ ಪ್ರಶಸ್ತಿ ಗಳಿಸಿದ್ದರು.	0.90945315	True	True	ಅಮಿತಾಭ್ ಬಚ್ಚನ್ ಅವರಿಗೆ ನಾಲ್ಕು ರಾಷ್ಟ್ರೀಯ ಸಿನಿಮಾ ಪ್ರಶಸ್ತಿಗಳನ್ನು ಅಭಿನಂದಿಸಲಾಗಿದೆ, ಚಲನಚಿತ್ರಗಳು ಅಗ್ನಿಪಥ, ಬ್ಲ್ಯಾಕ್, ಪಾ ಮತ್ತು ಪಿಕು ಕುರಿತು.	ಅಮಿತಾಭ್ ಬಚ್ಚನ್ ಅವರಿಗೆ ಅಗ್ನಿಪಥ್, ಬ್ಲ್ಯಾಕ್, ಪಾ ಮತ್ತು ಪಿಕು ಚಿತ್ರಗಳಿಗೆ ನಾಲ್ಕು ರಾಷ್ಟ್ರೀಯ ಚಲನಚಿತ್ರ ಪ್ರಶಸ್ತಿಗಳು ಲಭಿಸಿವೆ.	ಅಮಿತಾಬ್ ಬಚ್ಚನ್ ಅಗ್ನಿಪಥ್, ಬ್ಲ್ಯಾಕ್, ಪಾ ಮತ್ತು ಪಿಕು ಚಿತ್ರಗಳಿಗಾಗಿ ನಾಲ್ಕು ರಾಷ್ಟ್ರೀಯ ಚಲನಚಿತ್ರ ಪ್ರಶಸ್ತಿಗಳನ್ನು ಪಡೆದಿದ್ದಾರೆ.	0.7949	0.8193	0.8210
4494	[[0.9143642]]	Prime Minister Narendra Modi greeted the people of Karnataka on its Rajyotsava Day.	ಪ್ರಧಾನಮಂತ್ರಿ ಶ್ರೀ ನರೇಂದ್ರ ಮೋದಿ ಅವರು ರಾಜ್ಯೋತ್ಸವದ ದಿನ ಕರ್ನಾಟಕದ ಜನತೆಗೆ ಶುಭ ಕೋರಿದರು.	0.9143642	True	True	ಪ್ರಧಾನಮಂತ್ರಿ ನರೇಂದ್ರ ಮೋದಿ ಕರ್ನಾಟಕದ ರಾಜ್ಯೋತ್ಸವ ದಿನದಂದು ಜನರನ್ನು ಅಭಿನಂದನೆ ಸಲ್ಲಿಸಿದರು.	ಪ್ರಧಾನಮಂತ್ರಿ ನರೇಂದ್ರ ಮೋದಿ ಅವರು ಕರ್ನಾಟಕದ ಜನತೆಗೆ ರಾಜ್ಯೋತ್ಸವ ದಿನದಂದು ಶುಭಾಶಯಗಳನ್ನು ತಿಳಿಸಿದ್ದಾರೆ.	ಕರ್ನಾಟಕದ ರಾಜ್ಯೋತ್ಸವ ದಿನದಂದು ಪ್ರಧಾನ ಮಂತ್ರಿ ನರೇಂದ್ರ ಮೋದಿ ಅವರು ಕರ್ನಾಟಕದ ಜನರಿಗೆ ಶುಭಾಶಯ ಸಲ್ಲಿಸಿದರು.	0.8884	0.8938	0.9043
4554	[[0.9295596]]	The Union Cabinet under the Chairmanship of Prime Minister Shri Narendra Modi has given its approval to New Productivity Linked Reward Scheme for all Major Port Trusts and Dock Labour Board employees/workers for the years 2015-16 to 2017-18.	ಪ್ರಧಾನಮಂತ್ರಿ ಶ್ರೀ ನರೇಂದ್ರ ಮೋದಿ ಅವರ ಅಧ್ಯಕ್ಷತೆಯಲ್ಲಿ ನಡೆದ ಕೇಂದ್ರ ಸಚಿವ ಸಂಪುಟ ಸಭೆ, ಎಲ್ಲ ಪ್ರಮುಖ ಬಂದರು ಟ್ರಸ್ಟ್ ಮತ್ತು ಹಡಗುಕಟ್ಟೆ ಕಾರ್ಮಿಕರ ಮಂಡಳಿ ನೌಕರರು/ ಕಾರ್ಮಿಕರಿಗೆ 2015-16ರಿಂದ 2017-18ರ ಅವಧಿಗೆ ಉತ್ಪಾದಕತೆ ಸಂಪರ್ಕಿತ ನೂತನ ಬಹುಮಾನ ಯೋಜನೆಗೆ ತನ್ನ ಅನುಮೋದನೆ ನೀಡಿದೆ.	0.9295596	True	True	ಪ್ರಧಾನಿ ಶ್ರೀ ನರೇಂದ್ರ ಮೋದಿಯವರ ಅಧ್ಯಕ್ಷತೆಯಲ್ಲಿ ಕೇಂದ್ರ ಮಂತ್ರಿ ಮಂಡಳಿಯು 2015-16 ರಿಂದ 2017-18 ರವರೆಗಿನ ಎಲ್ಲಾ ಪ್ರಧಾನ ಬಂದರ ಟ್ರಸ್ಟ್ಗಳು ಮತ್ತು ಡಾಕ್ ಲೇಬರ್ ಬೋರ್ಡ್ ನೌಕರರಿಗೆ/ಕಾರ್ಮಿಕರಿಗೆ ಹೊಸ ಉತ್ಪಾದನಶೀಲತೆಯ ಬಹುಮೌಲ್ಯ ಬಹುಯೋಗ ಯೋಜನೆಗೆ ಅನುಮೋದನೆ ನೀಡಿದೆ.	ಪ್ರಧಾನಮಂತ್ರಿ ಶ್ರೀ ನರೇಂದ್ರ ಮೋದಿ ಅವರ ಅಧ್ಯಕ್ಷತೆಯಲ್ಲಿ ಕೇಂದ್ರ ಸಚಿವ ಸಂಪುಟವು ಎಲ್ಲಾ ಪ್ರಮುಖ ಬಂದರು ಟ್ರಸ್ಟ್‌ಗಳು ಮತ್ತು ಡಾಕ್ ಲೇಬರ್ ಬೋರ್ಡ್ ನೌಕರರು/ಕಾರ್ಮಿಕರಿಗೆ 2015-16 ರಿಂದ 2017-18 ರ ವರ್ಷಗಳ ಹೊಸ ಉತ್ಪಾದಕತೆ ಸಂಬಂಧಿತ ಬಹುಮಾನ ಯೋಜನೆಗೆ ಅನುಮೋದನೆ ನೀಡಿದೆ.	ಪ್ರಧಾನ ಮಂತ್ರಿ ಶ್ರೀ ನರೇಂದ್ರ ಮೋದಿಯವರ ಅಧ್ಯಕ್ಷತೆಯಲ್ಲಿ ಕೇಂದ್ರ ಮಂತ್ರಿಮಂಡಲವು 2015-16 ರಿಂದ 2017-18ರ ವರ್ಷಗಳಿಗೆ ಎಲ್ಲಾ ಪ್ರಮುಖ ಬಂದರು ಟ್ರಸ್ಟ್ ಮತ್ತು ಡಾಕ್ ಲೇಬರ್ ಬೋರ್ಡ್ ಉದ್ಯೋಗಿಗಳು/ಕಾರ್ಮಿಕರಿಗೆ ಹೊಸ ಉತ್ಪಾದಕತೆ ಸಂಬಂಧಿತ ಬಹುಮಾನ ಯೋಜನೆಗೆ ಅನುಮೋದನೆ ನೀಡಿದೆ.	0.8616	0.9078	0.8815
4599	[[0.9163807]]	Police have booked the accused on the victims complaint.	ಪೀಡಿತೆಯ ದೂರಿನ ಮೇಲೆ ಕೇಸು ದಾಖಲಿಸಿರುವ ಪೊಲೀಸರು ಆರೋಪಿಗಳ ಬಂಧನಕ್ಕೆ ಬಲೆ ಬೀಸಿದ್ದಾರೆ.	0.9163807	True	True	ಪೊಲೀಸ್ ನ್ಯಾಯಾಲಯದಲ್ಲಿ ತಪ್ಪಿಯನ್ನು ಗುರುತಿಸಿದೆ.	ಪೊಲೀಸರು ಶಿಕಾರಿಯ ದೂರಿನ ಮೇರೆಗೆ ಆರೋಪಿ ವಿರುದ್ಧ ಪ್ರಕರಣ ದಾಖಲಿಸಿದ್ದಾರೆ.	ಪೋಲೀಸರು ಬಾಧಿತರ ದೂರು ಆಧಾರದ ಮೇಲೆ ಆರೋಪಿಗಳನ್ನು ದಾಖಲಿಸಿದ್ದಾರೆ.	0.7268	0.8403	0.8365
4618	[[0.9110745]]	The police resorted to baton-charge and tear gas to disperse the protestors.	ಪ್ರತಿಭಟನಾಕಾರರನ್ನು ಚದುರಿಸಲು ಪೊಲೀಸರು ಟಿಯರ್​ ಗ್ಯಾಸ್​ ಹಾಗೂ ಲಾಠಿ ಚಾರ್ಚ್​ ಮಾಡಿದ್ದಾರೆ.	0.9110745	True	True	ಪೊಲೀಸ್ ಪ್ರತಿಭಟಕರನ್ನು ವಿಸ್ಫೋಟ ಮಾಡಲು ಬಾಟನ್-ಚಾರ್ಜ್ ಮತ್ತು ಕಣ್ಣು ಗೇಸ್ ಬಳಸಿತು.	ಪೊಲೀಸರು ಪ್ರತಿಭಟನಾಕಾರರನ್ನು ಚದುರಿಸಲು ಲಾಠೀಚಾರ್ಜ್ ಮತ್ತು ಕಣ್ಣೀರಿನ ಅನಿಲವನ್ನು ಬಳಸಿದರು.	ಪೊಲೀಸರು ಪ್ರತಿಭಟನಾಕಾರರನ್ನು ಚದುರಿಸಲು ಲಾಠಿ ಹೊಡೆತ ಮತ್ತು ಕಣ್ಣೀರು ಅನಿಲವನ್ನು ಬಳಸಿದರು.	0.7852	0.8375	0.8268
4695	[[0.93268144]]	Afghanistan were 139th on the Fifa rankings and India 145.	ಫಿಫಾ ರಾ್ಯಂಕ್‌ ಪಟ್ಟಿಯಲ್ಲಿ ಭಾರತ 145ನೇ ಸ್ಥಾನದಲ್ಲಿದ್ದರೆ, ಆಫ್ಘಾನಿಸ್ತಾನ 139ನೇ ಸ್ಥಾನ ಹೊಂದಿದೆ.	0.93268144	True	True	ಅಫ್ಘಾನಿಸ್ಥಾನ್ ಫಿಫಾ ರ್ಯಾಂಕಿಂಗ್ಸ್ನಲ್ಲಿ 139ನೇ ಸ್ಥಳದಲ್ಲಿದ್ದವು ಮತ್ತು ಭಾರತ 145ನೇ ಸ್ಥಳದಲ್ಲಿತ್ತು.	ಅಫ್ಘಾನಿಸ್ತಾನ್ ಫಿಫಾ ರ್ಯಾಂಕಿಂಗ್‌ನಲ್ಲಿ 139ನೇ ಸ್ಥಾನದಲ್ಲಿತ್ತು ಮತ್ತು ಭಾರತ 145ನೇ ಸ್ಥಾನದಲ್ಲಿತ್ತು.	ಅಫ್ಘಾನಿಸ್ತಾನ್ ಫಿಫಾ ರ್ಯಾಂಕಿಂಗ್ಸ್ನಲ್ಲಿ 139ನೇ ಸ್ಥಾನದಲ್ಲಿತ್ತು ಮತ್ತು ಭಾರತ 145ನೇ ಸ್ಥಾನದಲ್ಲಿತ್ತು.	0.8255	0.8272	0.8290
4829	[[0.9215174]]	PV Sindhu became the first Indian badminton player to be crowned world champion.	ಪಿ. ವಿ. ಸಿಂಧು ಅವರು ವಿಶ್ವ ಬ್ಯಾಡ್ಮಿಂಟನ್ ಚಾಂಪಿಯನ್‍ಷಿಪ್ ಪ್ರಶಸ್ತಿ ಗೆದ್ದ ಭಾರತದ ಮೊದಲ ಆಟಗಾರ್ತಿ ಎಂಬ ಕೀರ್ತಿ ಗಳಿಸಿದ್ದಾರೆ.	0.9215174	True	True	PV ಸಿಂಧು ಪ್ರಥಮ ಭಾರತೀಯ ಬ್ಯಾಡ್ಮಿಂಟನ್ ಆಟಗಾರನಾಗಿ ವಿಶ್ವ ಚಾಂಪಿಯನ್ ಎಂದು ಮುಖ್ಯಸ್ಥಳ ಪಡೆದಳು.	ಪಿವಿ ಸಿಂಧು ವಿಶ್ವ ಚಾಂಪಿಯನ್ ಪಟ್ಟಕ್ಕೆ ಅಲಂಕರಿಸಿದ ಮೊದಲ ಭಾರತೀಯ ಬ್ಯಾಡ್ಮಿಂಟನ್ ಆಟಗಾರ್ತಿಯಾಗಿ ಪರಿಣಮಿಸಿದರು.	ಪಿವಿ ಸಿಂಧು ವಿಶ್ವ ಚಾಂಪಿಯನ್ ಪಟ್ಟ ಪಡೆದ ಮೊದಲ ಭಾರತೀಯ ಬ್ಯಾಡ್ಮಿಂಟನ್ ಆಟಗಾರ್ತಿಯಾದರು.	0.8163	0.8341	0.8499
4937	[[0.9047607]]	Finance Secretary Hasmukh Adhia, Economic Affairs Secretary Subhash Chandra Garg and Chief Economic Advisor Arvind Subramanian briefed the minister on the macro-economic situation,...	ದೇಶದ ಸ್ಥೂಲ ಆರ್ಥಿಕತೆಯ ಬಗ್ಗೆ ಸಚಿವ ಜೇತ್ಲಿ ಅವರಿಗೆ ಹಣಕಾಸು ಕಾರ್ಯದರ್ಶಿ ಹಸ್‌ಮುಖ್‌ ಆಧಿಯಾ, ಆರ್ಥಿಕ ವ್ಯವಹಾರಗಳ ಕಾರ್ಯದದರ್ಶಿ ಸುಭಾಷ್‌ ಚಂದ್ರ ಗರ್ಗ್‌ , ಮುಖ್ಯ ಆರ್ಥಿಕ ಸಲಹೆಗಾರ ಅರವಿಂದ ಸುಬ್ರಮಣಿಯನ್‌ ಮಾಹಿತಿ ನೀಡಿದರು.	0.9047607	True	True	ಹಸ್ಮುಖ್ ಅಧಿಯಾ, ಸುಭಾಷ್ ಚಂದ್ರ ಗಾರ್ಗ್ ಮತ್ತು ಅರವಿಂದ್ ಸುಬ್ರಮಣ್ಯನ್ ಈ ಮಂತ್ರಿಯನ್ನು ಮಾಕ್ರೋ-ಆರ್ಥಿಕ ಸನ್ನಿವೇಶದ ಬಗ್ಗೆ ಸಂಖ್ಯಾತ್ಮಕ ತಿಳಿವಳಿಕೆ ನೀಡಿದರು,..	ಹಣಕಾಸು ಕಾರ್ಯದರ್ಶಿ ಹಸ್ಮುಖ್ ಅಢಿಯಾ, ಆರ್ಥಿಕ ವ್ಯವಹಾರಗಳ ಕಾರ್ಯದರ್ಶಿ ಸುಭಾಷ್ ಚಂದ್ರ ಗರ್ಗ್ ಮತ್ತು ಮುಖ್ಯ ಆರ್ಥಿಕ ಸಲಹೆಗಾರ ಅರವಿಂದ ಸುಬ್ರಹ್ಮಣಿಯನ್ ಅವರು ಸಚಿವರಿಗೆ ಮ್ಯಾಕ್ರೋ-ಆರ್ಥಿಕ ಪರಿಸ್ಥಿತಿಯ ಬಗ್ಗೆ ಮಾಹಿತಿ ನೀಡಿದರು,...	ಹಣಕಾಸು ಕಾರ್ಯದರ್ಶಿ ಹಸ್ಮುಖ್ ಆಧಿಯಾ, ಆರ್ಥಿಕ ವ್ಯವಹಾರಗಳ ಕಾರ್ಯದರ್ಶಿ ಸುಭಾಷ್ ಚಂದ್ರ ಗಾರ್ಗ್ ಮತ್ತು ಮುಖ್ಯ ಆರ್ಥಿಕ ಸಲಹೆಗಾರ ಅರವಿಂದ್ ಸುಬ್ರಹ್ಮಣ್ಯನ್ ಅವರು ಸಚಿವರಿಗೆ ಸಾಮಾನ್ಯ ಆರ್ಥಿಕ ಸ್ಥಿತಿಯ ಬಗ್ಗೆ ಮಾಹಿತಿ ನೀಡಿದರು.	0.7700	0.8717	0.8979
4985	[[0.92407954]]	Additional Sessions Judge Sanjiv Jain held Farooqui guilty of offence under the Section 376 (punishment of rape) of the IPC.	ಫಾರೂಕಿ ಅವರು ಐಪಿಸಿ ಸೆಕ್ಷನ್‌ 376 (ಅತ್ಯಾಚಾರಕ್ಕೆ ಶಿಕ್ಷೆ) ಅಡಿಯಲ್ಲಿ ತಪ್ಪಿತಸ್ಥ ಎಂದು ಹೆಚ್ಚುವರಿ ಸೆಷನ್ಸ್‌ ನ್ಯಾಯಾಧೀಶ ಸಂಜೀವ್ ಜೈನ್‌ ಅವರು ಪ್ರಕಟಿಸಿದರು.	0.92407954	True	True	ಹೆಚ್ಚುವರಿ ಅಧಿಕೃತ ನ್ಯಾಯಾಧಿಕಾರಿ ಸಂಜೀವ್ ಜೈನ್ ಫಾರೂಕಿಯನ್ನು ಐ.ಪಿ.ಸಿ. ಧಾರೆ 376 (ಬಲಾತ್ಕಾರದ ದಂಡನೆ) ಅಡಿಯಲ್ಲಿ ಕ್ರಿಮಿಯಾಗಿ ಸಾಬಿತು ಎಂದು ನಿರ್ಧಾರಿಸಿದ್ದಾರೆ.	ಅತಿರಿಕ್ತ ಸೆಷನ್ಸ್ ನ್ಯಾಯಾಧೀಶ ಸಂಜೀವ್ ಜೈನ್ ಫರೂಕಿಯವರನ್ನು ಐಪಿಸಿ ಸೆಕ್ಷನ್ 376 (ಬೆಲೆಹಿಡಿಯುವ ಶಿಕ್ಷೆ) ಅಡಿಯಲ್ಲಿ ಅಪರಾಧಿಯಾಗಿದ್ದಾರೆಂದು ತೀರ್ಪು ನೀಡಿದ್ದಾರೆ.	ಅದಿತೀಯ ಸೆಷನ್ಸ್ ಜಡ್ಜ್ ಸಂಜೀವ್ ಜೈನ್ ಅವರು ಫರೂಖಿಯನ್ನು ಐಪಿಸಿಯ ಸೆಕ್ಷನ್ 376 (ಗಂಡು ಶಿಕ್ಷೆ) ಕ್ರಿಮಿನಲ್ ಅಪರಾಧಕ್ಕೆ ದೋಷಿಯೆಂದು ತೀರ್ಮಾನಿಸಿದರು.	0.7996	0.8467	0.8006
5009	[[0.9109548]]	Ashok Agrawal, the director of the Jain International School where she got admission told that his institution will bear all expenses for Kushi including her stay in the school hostel.	ಅವಳು ಪ್ರವೇಶ ಪಡೆದ ಜೈನ್ ಇಂಟರ್ನ್ಯಾಷನಲ್ ಶಾಲೆಯ ನಿರ್ದೇಶಕ ಅಶೋಕ್ ಅಗರ್ ವಾಲ್ ಖುಷಿಗೆ ಶಾಲೆಯ ಹಾಸ್ಟೆಲ್ನಲ್ಲಿ ಉಳಿದುಕೊಳ್ಳುವುದು ಸೇರಿದಂತೆ ಎಲ್ಲಾ ಖರ್ಚುಗಳನ್ನು ತನ್ನ ಸಂಸ್ಥೆ ಭರಿಸಲಿದೆ ಎಂದು ಹೇಳಿದರು.	0.9109548	True	True	ಜೈನ್ ಅಂತಾರಾಷ್ಟ್ರೀಯ ಶಾಲೆಯ ನಿರ್ದೇಶಕ ಆದ ಅಶೋಕ್ ಅಗ್ರವಾಲ್, ಅವಳು ಪ್ರವೇಶ ಪಡೆದ ಶಾಲೆಯಲ್ಲಿ ಅವಳ ಉಳಿಯಲು ಸಹ ಕುಶಿಗೆ ಸಕಲ ವ್ಯಯಗಳನ್ನು ವಹಿಸುವುದಾಗಿ ಹೇಳಿದರು.	ಅಶೋಕ್ ಅಗ್ರವಾಲ್, ಅವರು ಪ್ರವೇಶ ಪಡೆದ ಜೈನ್ ಇಂಟರ್‌ನ್ಯಾಷನಲ್ ಶಾಲೆಯ ನಿರ್ದೇಶಕರು, ಕುಶಿಯ ಎಲ್ಲಾ ವೆಚ್ಚಗಳನ್ನು, ಶಾಲಾ ವಸತಿ ನಿಲಯದಲ್ಲಿ ಇಡಿಯ ನೆಲೆಯಲ್ಲಿ, ಸಂಸ್ಥೆ ಭರಿಸುವುದಾಗಿ ಹೇಳಿದರು.	ಆಶೋಕ್ ಅಗ್ರವಾಲ್, ಅವಳು ಪ್ರವೇಶ ಪಡೆದ ಜೈನ್ ಇಂಟರ್ನ್ಯಾಷನಲ್ ಸ್ಕೂಲ್ ನ ನಿರ್ದೇಶಕರು, ಕುಶಿಗಾಗಿ ಅವಳ ಶಾಲೆಯ ಹಾಸ್ಟೆಲ್ ನಲ್ಲಿ ಉಳಿದುಕೊಳ್ಳುವ ಎಲ್ಲಾ ಖರ್ಚುಗಳನ್ನು ತಮ್ಮ ಸಂಸ್ಥೆ ವಹಿಸಿಕೊಳ್ಳುತ್ತದೆ ಎಂದು ಹೇಳಿದರು.	0.8000	0.8356	0.8821
5229	[[0.90848875]]	PM confers National Youth Parliament Festival 2019 Awards	ರಾಷ್ಟ್ರೀಯ ಯುವ ಸಂಸತ್ ಉತ್ಸವ 2019 ಪ್ರಶಸ್ತಿ ಪ್ರದಾನ ಮಾಡಿದ ಪ್ರಧಾನಮಂತ್ರಿ	0.90848875	False	True	PM ರಾಷ್ಟ್ರೀಯ ಯುವ ಪರ್ಲಿಯಾಮೆಂಟ್ ತಂಡು 2019 ಪ್ರಶಸ್ತಿಗಳನ್ನು ಘೋಷಿಸುತ್ತಾರೆ.	ಪ್ರಧಾನಮಂತ್ರಿ ರಾಷ್ಟ್ರೀಯ ಯುವ ಸಂಸತ್ ಮಹೋತ್ಸವ 2019 ಪುರಸ್ಕಾರಗಳನ್ನು ಪ್ರದಾನಿಸಿದರು.	ಪ್ರಧಾನ ಮಂತ್ರಿಯವರು 2019 ರಾಷ್ಟ್ರೀಯ ಯುವ ಸಂಸತ್ ಉತ್ಸವ ಪ್ರಶಸ್ತಿಗಳನ್ನು ಪ್ರದಾನ ಮಾಡಿದರು	0.7354	0.8561	0.8820
5441	[[0.9039303]]	The NDA govt had devoted a lot of attention to Water resources.	ಜಲ ಸಂಪನ್ಮೂಲದ ಬಗ್ಗೆ ಎನ್ ಡಿಎ ಸರಕಾರ ಸಾಕಷ್ಟು ಗಮನ ಹರಿಸಿದೆ.	0.9039303	True	True	NDA ಸರ್ಕಾರಕ್ಕೆ ನೀರಿನ ಸಂಪನ್ನತೆಗೆ ಅನೇಕ ಗಮನವನ್ನು ಮೀಸಲಾಗಿತ್ತು.	ಎನ್‌ಡಿಎ ಸರ್ಕಾರವು ಜಲ ಸಂಪತ್ತಿಗೆ ಸಾಕಷ್ಟು ಗಮನ ನೀಡಿತ್ತು.	ಎನ್‍ಡಿಎ ಸರ್ಕಾರವು ನೀರಾಧಾರ ಸಂಪನ್ಮೂಲಗಳಿಗೆ ಹೆಚ್ಚಿನ ಗಮನ ಕೊಟ್ಟಿತ್ತು.	0.8084	0.8724	0.8580
5468	[[0.91330683]]	The Honda SP 125 is powered by a 124cc single-cylinder air-cooled petrol engine	ಹೋಂಡಾ ಎಸ್ಪಿ 125 ಬೈಕಿನಲ್ಲಿ 124 ಸಿಸಿ ಸಿಂಗಲ್ ಸಿಲಿಂಡರ್ ಏರ್-ಕೂಲ್ಡ್ ಪೆಟ್ರೋಲ್ ಎಂಜಿನ್ ಅಳವಡಿಸಲಾಗಿದೆ	0.91330683	True	True	ಹೋಂಡಾ SP 125 ಒಂದು 124cc ಏಕಗಣ ಹವಾ ಶಿತೋಷ್ಣ ಪೆಟ್ರೋಲ್ ಇಂಜಿನ್ ದ್ವಾರಾ ಪ್ರಮುಖಗೊಳಿಸಲಾಗಿದೆ.	ಹೋಂಡಾ SP 125 ಅನ್ನು 124cc ಒಂಟಿ-ಸಿಲಿಂಡರ್ ಏರ್-ಕೂಲ್‌ಡ್ ಪೆಟ್ರೋಲ್ ಎಂಜಿನ್‌ನಿಂದ ಚಾಲಿತ ಮಾಡಲಾಗಿದೆ.	ಹೋಂಡಾ ಎಸ್ಪಿ 125 ಒಂದು 124cc ಸಿಂಗಲ್ ಸಿಲಿಂಡರ್ ಏರ್ ಕೂಲ್ಡ್ ಪೆಟ್ರೋಲ್ ಎಂಜಿನ್ ಅನ್ನು ಹೊಂದಿದೆ.	0.7797	0.8305	0.8627
5561	[[0.9286766]]	Some 49 years have passed since we first arrived in this country, now called Namibia.	ಈಗ ನಮಿಾಬಿಯ ಎಂದು ಕರೆಯಲ್ಪಡುವ ಈ ದೇಶಕ್ಕೆ ನಾವು ಕಾಲಿಟ್ಟಾಗಿನಿಂದ ಸುಮಾರು 49 ವರ್ಷಗಳು ಸಂದಿವೆ.	0.9286766	True	True	ಈ ದೇಶದಲ್ಲಿ ಮೊದಲ ಬಾರಿಗೆ ಬಂದ ನಾವು ಈಗ ನಮೀಬಿಯಾ ಎಂದು ಕರೆಸಿಕೊಳ್ಳಲಾಗುತ್ತಿದೆ, ಸ್ವಲ್ಪ ಹೆಚ್ಚು ವರ್ಷಗಳು ಕಳೆದಿವೆ.	ನಾವು ಈ ದೇಶಕ್ಕೆ, ಈಗ ನಾಮಿಬಿಯಾ ಎಂದು ಕರೆಯಲ್ಪಡುವ, ಮೊದಲ ಬಾರಿಗೆ ಬಂದದ್ದು ಸುಮಾರು 49 ವರ್ಷಗಳು ಕಳೆದಿವೆ.	ನಾವು ಈ ದೇಶಕ್ಕೆ ಮೊದಲು ಬಂದಿದ್ದು ೪೯ ವರ್ಷಗಳಾಗಿವೆ, ಈಗ ನಾಮಿಬಿಯಾ ಎಂದು ಕರೆಯಲಾಗುತ್ತಿದೆ.	0.7775	0.8516	0.8155
5642	[[0.9222094]]	He also has jewellery, bullion and other valuables worth Rs 64.65 lakh.	ಅವರು 64.65 ಲ. ರೂ. ಮೌಲ್ಯದ ಚಿನ್ನಾಭರಣಗಳು ಮತ್ತು ಇತರ ಬೆಲೆಬಾಳುವ ವಸ್ತುಗಳನ್ನೂ ಹೊಂದಿದ್ದಾರೆ.	0.9222094	True	True	ಅವನಿಗೂ ಜ್ವೆಲ್ಲರಿ, ಬುಲಿಯನ್ ಮತ್ತು ಇತರ ಮೌಲ್ಯವಾದ ವಸ್ತುಗಳು ರೂ. ೬೪.೬೫ ಲಕ್ಷ ರೂಪಾಯಿಗಳ ವೀತದಲ್ಲಿದ್ದುವು.	ಅವನ ಬಳಿ ಆಭರಣ, ಬುಲ್ಲಿಯನ್ ಮತ್ತು ಇತರ ಬೆಲೆಬಾಳುವ ವಸ್ತುಗಳು ರೂ 64.65 ಲಕ್ಷ ಮೌಲ್ಯದವುಗಳೂ ಇವೆ.	ಅವನು ರೂ. ೬೪.೬೫ ಲಕ್ಷ ಮೌಲ್ಯದ ಆಭರಣ, ಬುಲಿಯನ್ ಮತ್ತು ಇತರ ಮೌಲ್ಯವಾದ ಸಾಮಾನುಗಳನ್ನು ಹೊಂದಿದ್ದಾನೆ.	0.7381	0.8298	0.8101
5808	[[0.902256]]	His other suggestions included giving autonomy to public sector companies and banks by bringing down government holding to 50 per cent and making them board-run just like Petronet LNG Ltd, the nation's biggest natural gas importer.	ಅವರ ಇತರ ಸಲಹೆಗಳಲ್ಲಿ ಸಾರ್ವಜನಿಕ ವಲಯದ ಕಂಪನಿಗಳು ಮತ್ತು ಬ್ಯಾಂಕುಗಳಿಗೆ ಸ್ವಾಯತ್ತತೆಯನ್ನು ನೀಡುವುದರ ಮೂಲಕ ಸರ್ಕಾರದ ಹಿಡಿತವನ್ನು ಶೇಕಡಾ 50 ಕ್ಕೆ ಇಳಿಸುವುದು ಮತ್ತು ದೇಶದ ಅತಿದೊಡ್ಡ ನೈಸರ್ಗಿಕ ಅನಿಲ ಆಮದುದಾರರಾದ ಪೆಟ್ರೋನೆಟ್ ಎಲ್ಎನ್‌ಜಿ ಲಿಮಿಟೆಡ್‌ನಂತೆಯೇ ಅವುಗಳನ್ನು ಮಂಡಳಿಯಿಂದ ನಡೆಸುವಂತೆ ಮಾಡುತ್ತದೆ.	0.902256	True	True	ಅವನ ಇತರ ಸೂಚನೆಗಳ ನಡುವೆ ಸರ್ಕಾರದ ಹೊಂದಾಣಿಕೆಯನ್ನು 50 ಶಾತಮಾನವರೆಗೆ ತಗೊಟ್ಟು ಜನಸ್ತಾನದ ಗತಿಶೀಲ ವಾಯು ಆಯ್ಕೆಗಾರನಾದ Petronet LNG Ltd ಇಂದ ಮಾಡಿಕೊಳ್ಳಲು ಭಾರತದ ಭಾರತದ ಮಹತ್ತಮ ನೈಸರ್ಗಿಕ ಗ್ಯಾಸ್ ನಮೂನಿಯಾದ ಸರಕೆಯಂಥವುಗಳನ್ನು ಬೋರ್ಡ್-ರನ್ ಮಾಡುವುದು ಸೇರಿದೆ.	ಅವನ ಇತರ ಸಲಹೆಗಳಲ್ಲಿ ಸಾರ್ವಜನಿಕ ವಲಯ ಕಂಪನಿಗಳು ಮತ್ತು ಬ್ಯಾಂಕುಗಳಿಗೆ 50 ಶೇಕಡಾವರೆಗೂ ಸರ್ಕಾರದ ಹಂಚಿಕೆಯನ್ನು ಕಡಿಮೆ ಮಾಡುವ ಮೂಲಕ ಸ್ವಾಯತ್ತತೆ ನೀಡುವುದು ಮತ್ತು ದೇಶದ ಅತ್ಯಂತ ದೊಡ್ಡ ನೈಸರ್ಗಿಕ ಅನಿಲ ಆಮದುದಾರರಾದ ಪೆಟ್ರೊನೆಟ್ ಎಲ್‌ಎನ್‌ಜಿ ಲಿಮಿಟೆಡ್‌ನಂತೆ ಅವುಗಳನ್ನು ಮಂಡಳಿಯಿಂದ ನಿರ್ವಹಣೆಯನ್ನು ಮಾಡುವುದನ್ನು ಸೇರಿಸಲಾಗಿದೆ.	ಅವನ ಇತರ ಸೂಚನೆಗಳು ಸಾರ್ವಜನಿಕ ವಲಯದ ಕಂಪನಿಗಳು ಮತ್ತು ಬ್ಯಾಂಕುಗಳಿಗೆ 50 ಪ್ರತಿಶತ ಸರ್ಕಾರಿ ಹಿಡಿತವನ್ನು ಕಡಿಮೆ ಮಾಡುವುದು ಮತ್ತು ಪೆಟ್ರೋನೆಟ್ ಎಲ್‌ಎನ್‌ಜಿ ಲಿಮಿಟೆಡ್‌ನಂತೆ ನಿರ್ದೇಶಕ ಮಂಡಳಿಯ ನಿಯಂತ್ರಣದಲ್ಲಿ ಇರುವಂತೆ ಮಾಡುವುದು.	0.7065	0.8847	0.8359
6240	[[0.91322154]]	Former state chief ministers Omar Abdullah and Mehbooba Mufti had been placed under house arrest.	ಕಣಿವೆ ರಾಜ್ಯದ ಇಬ್ಬರು ಮಾಜಿ ಮುಖ್ಯಮಂತ್ರಿಗಳಾದ ಓಮರ್​ ಅಬ್ದುಲ್ಲಾ ಹಾಗೂ ಮೆಹಬೂಬಾ ಮುಫ್ತಿಯನ್ನು ಗೃಹ ಬಂಧನದಲ್ಲಿ ಇರಿಸಲಾಗಿದೆ.	0.91322154	True	True	ಹಳೆಯ ರಾಜ್ಯ ಮುಖ್ಯಮಂತ್ರಿಗಳಾಗಿದ್ದ ಓಮಾರ್ ಅಬ್ದುಲ್ಲಾ ಮತ್ತು ಮಹ್ಬೂಬಾ ಮುಫ್ತಿಯನು ಹೌಸ್ ಅರೆಸ್ಟ್ ಮಾಡಲ್ಪಟ್ಟಿದ್ದಾರೆ.	ಮಾಜಿ ರಾಜ್ಯ ಮುಖ್ಯಮಂತ್ರಿಗಳಾದ ಓಮರ್ ಅಬ್ದುಲ್ಲಾ ಮತ್ತು ಮೆಹಬೂಬಾ ಮುಫ್ತಿ ಅವರನ್ನು ಗೃಹ ಬಂಧನಕ್ಕೊಳಪಡಿಸಲಾಗಿತ್ತು.	ಹಿಂದಿನ ರಾಜ್ಯ ಮುಖ್ಯಮಂತ್ರಿಗಳಾದ ಓಮರ್ ಅಬ್ದುಲ್ಲಾ ಮತ್ತು ಮೆಹಬೂಬಾ ಮುಫ್ತಿ ಅವರನ್ನು ಗೃಹ ಬಂಧನಕ್ಕೆ ಒಳಪಡಿಸಲಾಗಿತ್ತು.	0.8307	0.8920	0.8875
6258	[[0.9079893]]	India-Sweden annual bilateral trade stands at around USD 1billion.	ಭಾರತ- ಸ್ವೀಡನ್ ನ ವಾರ್ಷಿಕ ದ್ವಿಪಕ್ಷೀಯ ವಾಣಿಜ್ಯವು 1 ಶತಕೋಟಿ ಅಮೆರಿಕನ್ ಡಾಲರ್ ನಷ್ಟಿದೆ.	0.9079893	True	True	ಭಾರತ-ಸ್ವೀಡನ ವಾರ್ಷಿಕ ಭಿಲೇಟರಲ್ ವ್ಯಾಪಾರ ಸುತ್ತಮುತ್ತವಾಗಿ ಸುಮಾರು 1 ಬಿಲಿಯನ್ ಯುಎಸ್‌ಡಿಯಲ್ಲಿ ಇದೆ.	ಭಾರತ-ಸ್ವೀಡನ್ ವಾರ್ಷಿಕ ದ್ವಿಪಕ್ಷೀಯ ವ್ಯಾಪಾರವು ಸುಮಾರು 1 ಬಿಲಿಯನ್ ಅಮೇರಿಕನ್ ಡಾಲರ್ ಆಗಿದೆ.	ಭಾರತ-ಸ್ವೀಡನ್ ವಾರ್ಷಿಕ ದ್ವಿಪಕ್ಷೀಯ ವ್ಯಾಪಾರ ಸುಮಾರು ಯುಎಸ್‌ಡಿ 1 ಬಿಲಿಯನ್ ನಷ್ಟು ಇದೆ.	0.7813	0.9052	0.8596
6273	[[0.9117042]]	The following article will discuss three factors that affect the spiritual well - being of the entire family.	ಇಡೀ ಕುಟುಂಬದ ಆಧ್ಯಾತ್ಮಿಕ ಹಿತಕ್ಷೇಮದ ಮೇಲೆ ಪ್ರಭಾವಬೀರುವ ಮೂರು ಅಂಶಗಳನ್ನು ಮುಂದಿನ ಲೇಖನವು ಚರ್ಚಿಸಲಿದೆ.	0.9117042	True	True	ಮುಂದಿನ ಲೇಖನವು ಕುಟುಂಬದ ಆಧ್ಯಾತ್ಮಿಕ ಸುಖವನ್ನು ಪ್ರಭಾವಿತಗೊಳಿಸುವ ಮೂರು ಅಂಶಗಳನ್ನು ಚರ್ಚಿಸುತ್ತದೆ.	ಈ ಕೆಳಗಿನ ಲೇಖನದಲ್ಲಿ ಸಂಪೂರ್ಣ ಕುಟುಂಬದ ಆತ್ಮಿಕ ಕಲ್ಯಾಣವನ್ನು ಪ್ರಭಾವಿತಗೊಳಿಸುವ ಮೂರು ಅಂಶಗಳನ್ನು ಚರ್ಚಿಸಲಾಗುವುದು.	ಸಂಪೂರ್ಣ ಕುಟುಂಬದ ಆಧ್ಯಾತ್ಮಿಕ ಸಮಗ್ರತೆಯ ಮೇಲೆ ಪ್ರಭಾವ ಬೀರುವ ಮೂರು ಅಂಶಗಳ ಬಗ್ಗೆ ಈ ಲೇಖನ ಚರ್ಚಿಸಲಿದೆ.	0.8660	0.8326	0.9032
6276	[[0.90668344]]	Ministry of External Affairs Spokesperson Raveesh Kumar said a similar visit to Kashmir can be organised in the future including by EU envoys.	ಇಯು(ಯುರೋಪಿಯನ್ ಯೂನಿಯನ್) ರಾಯಭಾರಿಗಳು ಸೇರಿದಂತೆ ಭವಿಷ್ಯದಲ್ಲಿ ಕಾಶ್ಮೀರಕ್ಕೆ ಇದೇ ರೀತಿಯ.ಲ್ಲಿ ಅನೇಕ ರಾಷ್ಟ್ರಗಳ ನಿಯೋಗ ಭೇಟಿಯನ್ನು ನೀಡಬಹುದಾಗಿದೆ ಎಂದು ವಿದೇಶಾಂಗ ಸಚಿವಾಲಯದ ವಕ್ತಾರ ರವೀಶ್ ಕುಮಾರ್ ಹೇಳಿದರು.	0.90668344	True	True	ವಿದೇಶ ವ್ಯವಹಾರ ಸಚಿವಾಲಯದ ಪ್ರವಕ್ತನ ರವೀಶ್ ಕುಮಾರ್ ಹೇಳಿದರು, ಭವಿಷ್ಯದಲ್ಲಿ ಯುರೋಪಿಯನ್ ದೂತಾವಾಣಿಗಳ ಸಹಿತ ಕ್ಯಾಶ್ಮಿರಕ್ಕೆ ಸಮಾನ ಭೇಟಿ ನಡೆಯಬಹುದು.	ವಿದೇಶಾಂಗ ಸಚಿವಾಲಯದ ವಕ್ತಾರ ರವೀಶ್ ಕುಮಾರ್ ಅವರು ಭವಿಷ್ಯದಲ್ಲಿ ಯುರೋಪಿಯನ್ ಯೂನಿಯನ್ ರಾಯಭಾರಿಗಳು ಸೇರಿದಂತೆ ಕಾಶ್ಮೀರಕ್ಕೆ ಇದೇ ರೀತಿಯ ಭೇಟಿ ಏರ್ಪಡಿಸಬಹುದಾಗಿದೆ ಎಂದು ಹೇಳಿದರು.	ವಿದೇಶಾಂಗ ವ್ಯವಹಾರ ಸಚಿವಾಲಯದ ಮಾಧ್ಯಮ ಪ್ರತಿನಿಧಿ ರವೀಶ್ ಕುಮಾರ್ ಅವರು ಭವಿಷ್ಯದಲ್ಲಿ ಕಾಶ್ಮೀರಕ್ಕೆ ಇಂತಹ ಭೇಟಿಯನ್ನು ಏರ್ಪಡಿಸಬಹುದು ಎಂದು ಹೇಳಿದರು, ಇದರಲ್ಲಿ ಯುರೋಪಿಯನ್ ರಾಯಭಾರಿಗಳೂ ಸೇರಿದ್ದಾರೆ.	0.8000	0.8700	0.8159
6467	[[0.9238558]]	NCP chief Sharad Pawar spoke to Shiv Sena leader Uddhav Thackeray over the phone.	ಫೋನ್‍ಕಾಲ್ ಮೂಲಕ ಎನ್‍ಸಿಪಿ ಮುಖಂಡ ಶರದ್ ಪವಾರ್ ಜೊತೆ ಶಿವಸೇನ ನಾಯಕ ಉದ್ಧವ್ ಠಾಕ್ರೆ ಮಾತುಕತೆ ನಡೆಸಿದ್ದಾರೆ.	0.9238558	True	True	ಎನ್ಸಿಪಿ ಮುಖ್ಯ ಶರದ್ ಪವಾರ್ ಫೋನ್ ಮೂಲಕ ಶಿವ ಸೇನಾ ನಾಯಕ ಉದ್ಧವ್ ಥಾಕೆರೇ ಜತೆ ಮಾತನಾಡಿದರು.	ಎನ್‌ಸಿಪಿ ಮುಖ್ಯಸ್ಥ ಶರದ್ ಪವಾರ್ ಅವರು ಶಿವಸೇನಾ ನಾಯಕ ಉದ್ಧವ್ ಠಾಕ್ರೆ ಅವರನ್ನು ದೂರವಾಣಿ ಮೂಲಕ ಮಾತನಾಡಿದರು.	ಎನ್‌ಸಿಪಿ ಮುಖ್ಯಸ್ಥ ಶರದ್ ಪವಾರ್ ಉದ್ಧವ್ ಠಾಕ್ರೆ ಅವರಿಗೆ ಫೋನ್ ಮೂಲಕ ಮಾತನಾಡಿದರು.	0.8516	0.8503	0.8398
6489	[[0.917821]]	International TechneGroup Incorporated (ITI) provides Computer Aided Design and Product Lifecycle Management interoperability software services.	ಇಂಟರ್ನ್ಯಾಷನಲ್ ಟೆಕ್ನೆಗ್ರೂಪ್ ಇನ್ಕಾರ್ಪೊರೇಟೆಡ್ (ಐಟಿಐ) ಕಂಪ್ಯೂಟರ್ ಎಡೆಡೆಡ್ ಡಿಸೈನ್ ಮತ್ತು ಉತ್ಪನ್ನ ಲೈಫ್ಸೈಕಲ್ ಮ್ಯಾನೇಜ್ಮೆಂಟ್ ಇಂಟರ್ಆಪರೇಬಿಲಿಟಿ ಸಾಫ್ಟ್ವೇರ್ ಸೇವೆಗಳನ್ನು ಒದಗಿಸುತ್ತದೆ.	0.917821	True	True	ಅಂತರಾಷ್ಟ್ರೀಯ ಟೆಕ್ನ್‌ಗ್ರೂಪ್ ಇನ್ಕಾರ್ಪೊರೇಟೆಡ್ (ಐಟಿಐ) ಕಂಪ್ಯೂಟರ್ ಎಡಿಟ್ ಡಿಸೈನ್ ಮತ್ತು ಉತ್ಪನ್ನ ಜೀವನ ಚಕ್ರ ನಿಯಂತ್ರಣ ಅನುಸಂಧಾನ ಸಾಫ್ಟ್‌ವೇರ್ ಸೇವೆಗಳನ್ನು ಒದಗಿಸುತ್ತದೆ.	ಇಂಟರ್‌ನ್ಯಾಷನಲ್ ಟೆಕ್ನೆಗ್ರೂಪ್ ಇನ್ಕಾರ್ಪೊರೇಟೆಡ್ (ITI) ಕಂಪ್ಯೂಟರ್ ಸಹಾಯಿತ ವಿನ್ಯಾಸ ಮತ್ತು ಉತ್ಪನ್ನ ಜೀವನಚಕ್ರ ನಿರ್ವಹಣಾ ಪರಸ್ಪರ ಕಾರ್ಯಕ್ಷಮತೆಯ ಸಾಫ್ಟ್‌ವೇರ್ ಸೇವೆಗಳನ್ನು ಒದಗಿಸುತ್ತದೆ.	ಅಂತರರಾಷ್ಟ್ರೀಯ ಟೆಕ್ನೆಗ್ರೂಪ್ ಇಂಕಾರ್ಪೊರೇಟೆಡ್ (ಐಟಿಐ) ಕಂಪ್ಯೂಟರ್ ಸಹಾಯಿತ ವಿನ್ಯಾಸ ಮತ್ತು ಉತ್ಪನ್ನ ಜೀವನ ಚಕ್ರ ನಿರ್ವಹಣೆ ಇಂಟರ್ಆಪರೇಬಿಲಿಟಿ ಸಾಫ್ಟ್ವೇರ್ ಸೇವೆಗಳನ್ನು ಒದಗಿಸುತ್ತದೆ.	0.8723	0.8424	0.8722
6656	[[0.9149198]]	Uttar Pradesh Chief Minister Akhilesh Yadav has ordered an investigation into the incident.	ಉತ್ತರ ಪ್ರದೇಶ ಮುಖ್ಯಮಂತ್ರಿ ಅಖಿಲೇಶ್ ಯಾದವ್ ಘಟನೆಯ ಬಗ್ಗೆ ನ್ಯಾಯಾಂಗ ತನಿಖೆಗೆ ಆದೇಶಿಸಿದ್ದಾರೆ.	0.9149198	True	True	ಉತ್ತರ ಪ್ರದೇಶ ಮುಖ್ಯ ಮಂತ್ರಿ ಅಖಿಲೇಶ್ ಯಾದವ್ ಈ ಘಟನೆಯನ್ನು ತನಿಖೆ ಮಾಡಲು ಆದೇಶ ನೀಡಿದ್ದಾರೆ.	ಉತ್ತರ ಪ್ರದೇಶ ಮುಖ್ಯಮಂತ್ರಿ ಅಖಿಲೇಶ್ ಯಾದವ್ ಈ ಘಟನೆಯನ್ನು ತನಿಖೆ ನಡೆಸಲು ಆದೇಶಿಸಿದ್ದಾರೆ.	ಉತ್ತರ ಪ್ರದೇಶ ಮುಖ್ಯಮಂತ್ರಿ ಅಖಿಲೇಶ್ ಯಾದವ್ ಈ ಘಟನೆಯ ತನಿಖೆಗೆ ಆದೇಶ ನೀಡಿದ್ದಾರೆ.	0.9135	0.9244	0.9319
6676	[[0.93221915]]	Later, the State Government filed an appeal in the Supreme Court against the judgment.	ನಂತರ ರಾಜ್ಯ ಸರ್ಕಾರ ಈ ತೀರ್ಪಿನ ವಿರುದ್ಧ ಸುಪ್ರೀಂ ಕೋರ್ಟ್‌ಗೆ ಮೇಲ್ಮನವಿ ಅರ್ಜಿ ಸಲ್ಲಿಸಿತ್ತು.	0.93221915	True	True	ನಂತರ, ರಾಜ್ಯ ಸರ್ಕಾರ ತೀರ್ಪಿನ ವಿರುದ್ಧ ಸುಪ್ರೀಂ ಕೋರ್ಟ್‌ನಲ್ಲಿ ಅಪ್ಪಿಲ್ ನೀಡಿತು.	ನಂತರ, ರಾಜ್ಯ ಸರ್ಕಾರವು ತೀರ್ಪಿನ ವಿರುದ್ಧ ಸುಪ್ರೀಂ ಕೋರ್ಟ್‌ನಲ್ಲಿ ಮೇಲ್ಮನವಿ ಸಲ್ಲಿಸಿತು.	ನಂತರ, ರಾಜ್ಯ ಸರ್ಕಾರವು ತೀರ್ಪಿನ ವಿರುದ್ಧ ಸುಪ್ರೀಂ ಕೋರ್ಟಿನಲ್ಲಿ ಅಪೀಲ್ ಹಾಕಿತು.	0.8746	0.9190	0.8694
6945	[[0.91502464]]	Musgrave Park Hospital in south Belfast specialises in orthopaedics, rheumatology, sports medicine and rehabilitation.	ದಕ್ಷಿಣ ಬೆಲ್‌ಫಾಸ್ಟ್‌ನ ಮಸ್ಗ್ರೇವ್ ಪಾರ್ಕ್ ಹಾಸ್ಪಿಟಲ್ ಮೂಳೆಚಿಕಿತ್ಸೆ, ಸಂಧಿವಾತ ರೋಗ, ಕ್ರೀಡೆಯ ಔಷಧ ಮತ್ತು ಪುನಶ್ಚೈತನ್ಯಗೊಳಿಸುವಿಕೆಯಲ್ಲಿ ತಜ್ಞವಾದ ಆಸ್ಪತ್ರೆಯಾಗಿದೆ.	0.91502464	True	True	ಮಸ್ಗ್ರೇವ್ ಪಾರ್ಕ್ ಆಸ್ಪತ್ರೆ ದಕ್ಷಿಣ ಬೆಲ್ಫಾಸ್ಟ್‌ನಲ್ಲಿ ಆರ್ತೋಪೆಡಿಕ್ಸ್, ರ್ಹೇಯುಮಟಾಲಾಜಿ, ಕ್ರೀಡಾ ಚಿಕಿತ್ಸೆ ಮತ್ತು ಸರಳೀಕರಣದ ವಿಶೇಷತೆಯನ್ನು ಹೊಂದಿದೆ.	ಬೆಲ್ಫಾಸ್ಟ್‌ನ ದಕ್ಷಿಣ ಭಾಗದಲ್ಲಿರುವ ಮಸ್‌ಗ್ರೇವ್ ಪಾರ್ಕ್ ಆಸ್ಪತ್ರೆ ಅಸ್ಥಿಶಸ್ತ್ರಚಿಕಿತ್ಸೆ, ಸಂಧಿವಾತಶಾಸ್ತ್ರ, ಕ್ರೀಡಾ ವೈದ್ಯಕೀಯ ಮತ್ತು ಪುನರ್ವಸತಿ ವಿಭಾಗಗಳಲ್ಲಿ ಪರಿಣತಿ ಹೊಂದಿದೆ.	ಸೌತ್ ಬೆಲ್ಫಾಸ್ಟ್‌ನಲ್ಲಿರುವ ಮಸ್ಗ್ರೇವ್ ಪಾರ್ಕ್ ಆಸ್ಪತ್ರೆ ಅಸ್ಥಿರೋಗ ಶಾಸ್ತ್ರ, ರೂಮಟಾಲಜಿ, ಕ್ರೀಡಾ ಔಷಧ ಹಾಗೂ ಪುನರ್ವಸತಿಯಲ್ಲಿ ವಿಶೇಷಜ್ಞತೆ ಹೊಂದಿದೆ.	0.8052	0.8324	0.8171
6949	[[0.91487837]]	The compulsory retirement of the officials was ordered under Rule 56 (j) of the General Financial Rules of Central Government Services.	ಅಧಿಕಾರಿಗಳ ಕಡ್ಡಾಯ ನಿವೃತ್ತಿಯನ್ನು ಕೇಂದ್ರ ಸರ್ಕಾರಿ ಸೇವೆಗಳ ಸಾಮಾನ್ಯ ಹಣಕಾಸು ನಿಯಮಗಳ ನಿಯಮ 56 (ಜೆ) ಅಡಿಯಲ್ಲಿ ಆದೇಶಿಸಲಾಗಿದೆ.	0.91487837	True	True	ಕೇಂದ್ರ ಸರ್ಕಾರದ ಸಾಮಾನ್ಯ ಆರ್ಥಿಕ ನಿಯಮಗಳ ನಿಯಮ 56 (j) ಅಡಿಯಲ್ಲಿ ಅಧಿಕಾರಿಗಳ ಕಾಯಮಿ ನಿಯೇಮನ ನೀಡಲಾಯಿತು.	ಕೇಂದ್ರ ಸರ್ಕಾರಿ ಸೇವೆಗಳ ಸಾಮಾನ್ಯ ಹಣಕಾಸು ನಿಯಮಗಳ 56 (ಜೆ) ನಿಯಮದಂತೆ ಅಧಿಕಾರಿಗಳ ಕಡ್ಡಾಯ ನಿವೃತ್ತಿ ಆದೇಶಿಸಲಾಗಿದೆ.	ಕೇಂದ್ರ ಸರ್ಕಾರಿ ಸೇವೆಗಳ ಸಾಮಾನ್ಯ ಹಣಕಾಸು ನಿಯಮಗಳ ನಿಬಂಧನೆ 56 (ಜೆ) ರ ಅಡಿಯಲ್ಲಿ ಅಧಿಕಾರಿಗಳ ಕಡ್ಡಾಯ ನಿವೃತ್ತಿಯನ್ನು ಆದೇಶಿಸಲಾಯಿತು.	0.8434	0.9330	0.9287
7108	[[0.9051988]]	After this, weapons are carried in a golden palanquin to the Bhuvaneshwari temple for worship.	ಇದರ ನಂತರ ಶಸ್ತ್ರಾಸ್ತ್ರಗಳನ್ನು ಚಿನ್ನದ ಪಲ್ಲಕ್ಕಿಯಲ್ಲಿ ಭುವನೇಶ್ವರಿ ದೇವಸ್ಥಾನಕ್ಕೆ ಪೂಜೆಗೆ ಕೊಂಡೊಯ್ಯಲಾಗುತ್ತದೆ.	0.9051988	True	True	ಈ ನಂತರ, ಬಲವಸ್ತುಗಳನ್ನು ಭುವನೇಶ್ವರಿ ದೇವಸ್ಥಾನಕ್ಕೆ ಪೂಜೆಗಾಗಿ ಚಂದ್ರಾಬಿಮ್ಬದಲ್ಲಿ ತಂದುಹಾಕಲಾಗುತ್ತದೆ.	ಇದಾದ ನಂತರ, ಶಸ್ತ್ರಾಸ್ತ್ರಗಳನ್ನು ಬಂಗಾರದ ಪಲ್ಲಕ್ಕಿಯಲ್ಲಿ ಭುವನೇಶ್ವರಿ ದೇವಾಲಯಕ್ಕೆ ಪೂಜೆಗೆ ಕರೆದೊಯ್ಯಲಾಗುತ್ತದೆ.	ಈ ನಂತರ ಚಿನ್ನದ ಪಾಲಕ್ಕಿಯಲ್ಲಿ ಆಯುಧಗಳನ್ನು ಭುವನೇಶ್ವರಿ ದೇವಾಲಯಕ್ಕೆ ಪೂಜೆಗಾಗಿ ಕೊಂಡೊಯ್ಯಲಾಗುತ್ತದೆ.	0.8423	0.9053	0.8970
7211	[[0.9267609]]	In Mumbai 1992-93 violence over one thousand people died.	1992-93ರಲ್ಲಿ ಮುಂಬೈಯಲ್ಲಿ ನಡೆದ ಹಿಂಸೆಯಲ್ಲಿ ಸುಮಾರು ಒಂದು ಸಾವಿರ ಮಂದಿಯನ್ನು ಹತ್ಯೆಗೈಯಲಾಯಿತು.	0.9267609	True	True	ಮುಂಬಯಿ 1992-93ರಲ್ಲಿ ಹಿಂಸೆಯಲ್ಲಿ ಒಂದು ಸಹಸ್ರದಲ್ಲಿ ಹೆಚ್ಚು ಜನರು ಸಾಯಿದರು.	ಮುಂಬೈಯಲ್ಲಿ 1992-93 ರ ಹಿಂಸಾಚಾರದಲ್ಲಿ ಸಾವಿರಕ್ಕೂ ಹೆಚ್ಚು ಜನರು ಸಾವನ್ನಪ್ಪಿದರು.	ಮುಂಬೈನಲ್ಲಿ 1992-93ರಲ್ಲಿ ಒಂದು ಸಾವಿರಕ್ಕೂ ಹೆಚ್ಚು ಜನರು ಸಾವನ್ನಪ್ಪಿದರು.	0.8209	0.8270	0.8146
7218	[[0.9338329]]	The State Government has allotted 102.69 acres of land at Genome Valley, Hyderabad, free of cost, to the ICMR for Establishment of National Animal Resource Facility (NARF) for Biomedical Research.	ಜೈವಿಕ ಔಷಧ ಸಂಶೋಧನೆಗಾಗಿ ರಾಷ್ಟ್ರೀಯ ಪ್ರಾಣಿ ಸಂಪನ್ಮೂಲ ವ್ಯವಸ್ಥೆ ಸ್ಥಾಪಿಸಲು ಹೈದ್ರಾಬಾದ್ ನ ಜನೋಮೆ ಕಣಿವೆಯಲ್ಲಿ ಐಸಿಎಂಆರ್ ಗೆ ರಾಜ್ಯ ಸರ್ಕಾರ 102.69 ಎಕರೆ ಜಮೀನನ್ನು ಉಚಿತವಾಗಿ ಮಂಜೂರು ಮಾಡಿದೆ.	0.9338329	True	True	ರಾಷ್ಟ್ರೀಯ ಜೈವವಲಯದಲ್ಲಿ ರಾಷ್ಟ್ರದ ಸರ್ಕಾರವು ಬಾಯೊಮೆಡಿಕಲ್ ಸಂಶೋಧನೆಗಾಗಿ ಜಾಗ ಸ್ಥಾಪನೆಗಾಗಿ ಐಸಿಎಂಆರ್‌ಗೆ ಹೈದರಾಬಾದದ ಜೆನೋಂ ವ್ಯಾಲಿಯಲ್ಲಿ 102.69 ಎಕರುಗಳನ್ನು ಉಚಿತವಾಗಿ ನಿರ್ಧಾರಿಸಿದೆ.	ರಾಜ್ಯ ಸರ್ಕಾರವು ಹೈದರಾಬಾದ್‌ನ ಜಿನೋಮ್ ವ್ಯಾಲಿಯಲ್ಲಿ 102.69 ಎಕರೆ ಭೂಮಿಯನ್ನು ಜೈವಿಕ ವೈದ್ಯಕೀಯ ಸಂಶೋಧನೆಗಾಗಿ ರಾಷ್ಟ್ರೀಯ ಪ್ರಾಣಿ ಸಂಪತ್ತು ಸೌಲಭ್ಯ (NARF) ಸ್ಥಾಪನೆಗಾಗಿ ಐಸಿಎಮ್ಆರ್‌ಗೆ ಉಚಿತವಾಗಿ ನೀಡಿದೆ.	ಹೈದರಾಬಾದ್‌ನ ಜೀನೋಮ್ ವ್ಯಾಲಿಯಿಂದ ರಾಜ್ಯ ಸರ್ಕಾರವು ಬಯೋಮೆಡಿಕಲ್ ಸಂಶೋಧನೆಗಾಗಿ ರಾಷ್ಟ್ರೀಯ ಪ್ರಾಣಿ ಸಂಪನ್ಮೂಲ ಸೌಲಭ್ಯವನ್ನು (ಎನ್ಎಆರ್ಎಫ್) ಸ್ಥಾಪಿಸಲು ಐಸಿಎಂಆರ್ ಗೆ ವೆಚ್ಚರಹಿತವಾಗಿ 102.69 ಎಕರೆ ಭೂಮಿಯನ್ನು ಹಂಚಿಕೊಂಡಿದೆ.	0.8105	0.8164	0.8302
7251	[[0.93461573]]	Land Rover will launch its Defender range of off-road SUVs on October 15, 2020, in the Indian market	ಲ್ಯಾಂಡ್ ರೋವರ್ ತನ್ನ ಡಿಫೆಂಡರ್ ಸರಣಿಯ ಆಫ್-ರೋಡ್ ಎಸ್ಯುವಿಗಳನ್ನು 2020ರ ಅಕ್ಟೋಬರ್ 15ರಂದು ಭಾರತೀಯ ಮಾರುಕಟ್ಟೆಯಲ್ಲಿ ಬಿಡುಗಡೆ ಮಾಡಲಿವೆ	0.93461573	True	True	ಲ್ಯಾಂಡ್ ರೋವರ್ ಅಕ್ಟೋಬರ್ 15, 2020 ರಂದು ಭಾರತೀಯ ಮಾರುಕಟ್ಟೆಯಲ್ಲಿ ಆಫ್-ರೋಡ್ ಎಸ್ಯುವಿಗಳ ಡಿಫೆಂಡರ್ ವಿವಿಧತೆಯನ್ನು ಪ್ರಾರಂಭಿಸುತ್ತದೆ.	ಲ್ಯಾಂಡ್ ರೋವರ್ ತನ್ನ ಡಿಫೆಂಡರ್ ಶ್ರೇಣಿಯ ಆಫ್-ರೋಡ್ ಎಸ್‌ಯುವಿಗಳನ್ನು 2020ರ ಅಕ್ಟೋಬರ್ 15 ರಂದು ಭಾರತೀಯ ಮಾರುಕಟ್ಟೆಯಲ್ಲಿ ಬಿಡುಗಡೆ ಮಾಡಲಿದೆ.	ಲ್ಯಾಂಡ್ ರೋವರ್ ಅಕ್ಟೋಬರ್ 15, 2020 ರಂದು ಭಾರತೀಯ ಮಾರುಕಟ್ಟೆಯಲ್ಲಿ ತನ್ನ ಡಿಫೆಂಡರ್ ಶ್ರೇಣಿಯ ಆಫ್-ರೋಡ್ ಎಸ್ಯುವಿಗಳನ್ನು ಬಿಡುಗಡೆ ಮಾಡಲಿದೆ.	0.8546	0.9587	0.9206
7258	[[0.9164569]]	India A squad for two tour matches and three one-day games: Prithvi Shaw, Mayank Agarwal,Ruturaj Gaikwad, Shubman Gill (Capt), Suryakumar Yadav, Sanju Samson,Ishan Kishan (wk), Hardik Pandya, Krunal Pandya, Axar Patel, Rahul Chahar, Sandeep Warrier, Ishan Porel,Khaleel Ahmed, Mohd.	► ಭಾರತ ‘ಎ’ ಎರಡು ಪ್ರವಾಸ ಪಂದ್ಯಗಳು ಮತ್ತು ಮೂರು ಏಕದಿನ ಪಂದ್ಯಗಳಿಗೆ ತಂಡ: ಪೃಥ್ವಿ ಶಾ, ಮಾಯಾಂಕ್ ಅಗರ್ವಾಲ್, ರುತುರಾಜ್ ಗಾಯಕ್‌ವಾಡ್ , ಶುಬ್‌ಮನ್ ಗಿಲ್ (ನಾಯಕ), ಸೂರ್ಯಕುಮಾರ್ ಯಾದವ್, ಸಂಜು ಸ್ಯಾಮ್ಸನ್, ಇಶಾನ್ ಕಿಶನ್ (ವಿಕೆಟ್ ಕೀಪರ್), ಹಾರ್ದಿಕ್ ಪಾಂಡ್ಯ, ಕೃನಾಲ್ ಪಾಂಡ್ಯ, ಅಕ್ಷರ್ ಪಟೇಲ್, ರಾಹುಲ್ ಚಹರ್, ಸಂದೀಪ್ ವಾರಿಯರ್, ಇಶಾನ್ ಪೊರೆಲ್, ಖಲೀಲ್ ಅಹ್ಮದ್, ಮುಹಮ್ಮದ್ ಸಿರಾಜ್, ಇಶಾನ್ ಕಿಶನ್.	0.9164569	True	True	ಭಾರತದ ಆಟಗಳ ಹಂತಗಳಿಗಾಗಿ ಇಂಡಿಯಾ ಟೀಂ: ಪೃಥ್ವಿ ಶಾ, ಮಯಂಕ್ ಅಗರ್ವಾಲ್, ರುಟುರಾಜ್ ಗೈಕ್ವಾಡ್, ಶುಬ್ಮನ್ ಗಿಲ್ (ಕೆಪ್ಟ್), ಸುರ್ಯಕುಮಾರ್ ಯಾದವ್, ಸಂಜು ಸಂಸೊನ್, ಇಶಾನ್ ಕಿಶನ್ (ವಿಕೆ), ಹಾರ್ಡಿಕ್ ಪಂಡ್ಯ, ಕೃಣಾಲ್ ಪಂಡ್ಯ, ಅಕ್ಸರ್ ಪಟೆಲ್, ರಾಹುಲ್ ಚಹರ್, ಸಂದೀಪ್ ವಾರಿಯರ್, ಇಶಾನ್ ಪೋರೆಲ್, ಖಲೀಲ್ ಅಹಮದ್, ಮೊಹಮ್ಮದ್.	ಇಂಡಿಯಾ A ತಂಡದ ಎರಡು ಪ್ರವಾಸಿ ಪಂದ್ಯಗಳು ಮತ್ತು ಮೂರು ಏಕದಿನ ಪಂದ್ಯಗಳಿಗಾಗಿ ಆಯ್ಕೆ: ಪೃಥ್ವಿ ಶಾ, ಮಯಾಂಕ್ ಅಗರ್ವಾಲ್, ರುತುರಾಜ್ ಗೈಕ್ವಾಡ್, ಶುಭ್ಮಾನ್ ಗಿಲ್ (ನಾಯಕರಾಗಿ), ಸೂರ್ಯಕುಮಾರ್ ಯಾದವ್, ಸಂಜು ಸ್ಯಾಮ್ಸನ್, ಇಶಾನ್ ಕಿಶನ್ (ವಿಕೆಟ್ ಕೀಪರ್), ಹಾರ್ದಿಕ್ ಪಾಂಡ್ಯ, ಕುನಾಲ್ ಪಾಂಡ್ಯ, ಅಕ್ಷರ್ ಪಟೇಲ್, ರಾಹುಲ್ ಚಹರ್, ಸಂದೀಪ್ ವಾರಿಯರ್, ಇಶಾನ್ ಪೊರೇಲ್, ಖಲೀಲ್ ಅಹ್ಮದ್, ಮೊಹಮದ್.	ಇಂಡಿಯಾ ಎ ತಂಡಕ್ಕೆ ಎರಡು ಪರ್ಯಟನಾ ಪಂದ್ಯಗಳು ಮತ್ತು ಮೂರು ಏಕದಿನ ಆಟಗಳು: ಪೃಥ್ವಿ ಶಾ, ಮಯಾಂಕ್ ಅಗರ್ವಾಲ್, ರುತುರಾಜ್ ಗೈಕ್ವಾಡ್, ಶುಭ್ಮನ್ ಗಿಲ್ (ನಾಯಕ), ಸೂರ್ಯಕುಮಾರ್ ಯಾದವ್, ಸಂಜು ಸಾಮ್ಸನ್, ಇಶಾನ್ ಕಿಶನ್ (ವಿಕೆಟ್ ಕೀಪರ್), ಹಾರ್ದಿಕ್ ಪಾಂಡ್ಯ, ಕ್ರುನಾಲ್ ಪಾಂಡ್ಯ, ಅಕ್ಸರ್ ಪಟೇಲ್, ರಾಹುಲ್ ಚಾಹರ್, ಸಂದೀಪ್ ವಾರಿಯರ್, ಇಶಾನ್ ಪೋರೇಲ್, ಖಾಲೀಲ್ ಅಹ್ಮದ್, ಮೊಹಮ್ಮದ್.	0.8881	0.9368	0.9452
7296	[[0.90162826]]	He played a key role in the establishment of the dynasty of Chandragupta Maurya and was known as Kautilya or Vishnugupta.	ಅವರು ಚಂದ್ರಗುಪ್ತ ಮೌರ್ಯ ವಂಶದ ಸ್ಥಾಪನೆಯಲ್ಲಿ ಪ್ರಮುಖ ಪಾತ್ರ ವಹಿಸಿದರು ಮತ್ತು ಕೌಟಿಲ್ಯ ಅಥವಾ ವಿಷ್ಣುಗುಪ್ತ ಎಂದು ಕರೆಯಲ್ಪಟ್ಟರು.	0.90162826	True	True	ಅವನು ಚಂದ್ರಗುಪ್ತ ಮೌರ್ಯನ ವಂಶವನ್ನು ಸ್ಥಾಪಿಸುವಲ್ಲಿ ಮುಖ್ಯ ಪಾತ್ರವಹಿಸಿದ್ದನು ಮತ್ತು ಅವನನ್ನು ಕೌಟಿಲ್ಯ ಅಥವಾ ವಿಷ್ಣುಗುಪ್ತ ಎಂದು ಪರಿಚಿತರಾಗಿದ್ದನು.	ಅವನಿಗೆ ಚಂದ್ರಗುಪ್ತ ಮೌರ್ಯನ ವಂಶಸ್ಥಾಪನೆಗೆ ಪ್ರಮುಖ ಪಾತ್ರವಿತ್ತು ಮತ್ತು ಅವನನ್ನು ಕೌಟಿಲ್ಯ ಅಥವಾ ವಿಷ್ಣುಗುಪ್ತ ಎಂದು ಕರೆಯಲಾಗುತ್ತಿತ್ತು.	ಚಂದ್ರಗುಪ್ತ ಮೌರ್ಯ ಸಾಮ್ರಾಜ್ಯದ ಸ್ಥಾಪನೆಯಲ್ಲಿ ಪ್ರಮುಖ ಪಾತ್ರ ವಹಿಸಿದ್ದರು ಮತ್ತು ಕೌಟಿಲ್ಯ ಅಥವಾ ವಿಷ್ಣುಗುಪ್ತ ಎಂದು ಖ್ಯಾತಿ ಪಡೆದಿದ್ದರು.	0.9092	0.8969	0.9093
7367	[[0.92782414]]	Son of prominent journalist Vaddarse Raghuram Shetty, Madhukar Shetty, a 1999-batch IPS officer of Karnataka-cadre, was from Udupi district.	1999ರ ಬ್ಯಾಚ್‌ ಐಪಿಎಸ್ ಅಧಿಕಾರಿಯಾಗಿರುವ ಮಧುಕರ್ ಶೆಟ್ಟಿ, ಕರ್ನಾಟಕದ ಉಡುಪಿ ಜಿಲ್ಲೆಯ ಕುಂದಾಪುರ ಮೂಲದ ಮಧುಕರ ಶೆಟ್ಟಿಯವರು ಖ್ಯಾತ ಪತ್ರಕರ್ತ ವಡ್ಡರ್ಸೆ ರಘುರಾಮ ಶೆಟ್ಟಿಯವರ ಪುತ್ರ .	0.92782414	True	True	ಪ್ರಮುಖ ಪತ್ರಕರ್ತ ವಡ್ಡಾರ್ಸೆ ರಘುರಾಮ್ ಶೆಟ್ಟಿಯ ಮಗ ಮಧುಕರ್ ಶೆಟ್ಟಿ, 1999 ಬ್ಯಾಚ್ IPS ಅಧಿಕಾರಿ ಆಗಿದ್ದರು, ಕರ್ನಾಟಕ ಕ್ಯಾಡರ್ ಇಂದಿದ್ದರು, ಉಡುಪಿ ಜಿಲ್ಲೆಯಿಂದ ಬಂದವರು.	ಪ್ರಮುಖ ಪತ್ರಕರ್ತ ವಡ್ಡರ್ಸೆ ರಾಘುರಾಮ್ ಶೆಟ್ಟಿ ಅವರ ಪುತ್ರ, 1999ನೇ ಬ್ಯಾಚ್‌ನ ಕರ್ನಾಟಕ ಕೇಡರ್‌ನ ಐಪಿಎಸ್ ಅಧಿಕಾರಿ ಮಧುಕರ್ ಶೆಟ್ಟಿ, ಉಡುಪಿ ಜಿಲ್ಲೆಯಿಂದ ಆಗಿದ್ದರು.	ಪ್ರಮುಖ ಪತ್ರಕರ್ತ ವಡ್ಡರ್ಸೆ ರಘುರಾಮ ಶೆಟ್ಟಿಯ ಪುತ್ರ ಮಾಧುಕರ ಶೆಟ್ಟಿ, ಕರ್ನಾಟಕ ಕೇಡರ್‌ನ ಇಪಿಎಸ್ ಅಧಿಕಾರಿ (1999 ಬ್ಯಾಚ್), ಉಡುಪಿ ಜಿಲ್ಲೆಯವನು.	0.8108	0.8278	0.8328
7371	[[0.90156364]]	The Indian batsmen scored 174 runs at the loss of 3 wickets.	ಗುರಿಯನ್ನು ಬೆನ್ನತ್ತಿದ ಭಾರತ ಓವರುಗಳಲ್ಲಿ 3 ವಿಕೆಟ್ ನಷ್ಟಕ್ಕೆ 174 ರನ್ ಗಳಿಸಿ ಜಯದ ನಗೆ ಬೀರಿತು.	0.90156364	True	True	ಭಾರತೀಯ ಬ್ಯಾಟ್ಸ್ಮೆನ್ 3 ವಿಕೆಟ್ಗಳ ನಷ್ಟದಲ್ಲಿ 174 ರನ್ನು ಸ್ಕೋರು ಮಾಡಿದರು.	ಭಾರತೀಯ ಬ್ಯಾಟ್ಸ್ಮನ್‌ಗಳು 3 ವಿಕೆಟ್‌ಗಳನ್ನು ಕಳೆದುಕೊಂಡು 174 ರನ್‌ಗಳನ್ನು ಗಳಿಸಿದರು.	ಭಾರತೀಯ ಬ್ಯಾಟ್ಸ್‌ಮೆನ್ ಗಳು 3 ವಿಕೆಟ್ ನಷ್ಟೆಗೆ 174 ರನ್ ಗಳನ್ನು ಸ್ಕೋರ್ ಮಾಡಿದರು.	0.7619	0.7845	0.7738
7375	[[0.92188704]]	Addressing the varied activities undertaken by tribals in the country, Shri Pravir Krishna mentioned that about 5 lakhs of tribal artisans make their living through handicraft & handlooms, engaged in Textile weaving, Metal Crafts, Home Dcor, Jewellery, Block Printing, ornamental Painting etc	ದೇಶದಲ್ಲಿ ಬುಡಕಟ್ಟು ಜನರು ಕೈಗೊಳ್ಳುವ ವಿವಿಧ ಚಟುವಟಿಕೆಗಳ ಬಗ್ಗೆ ಮಾತನಾಡಿದ ಶ್ರೀ ಪ್ರವೀರ ಕೃಷ್ಣ ಅವರು ಸುಮಾರು 5 ಲಕ್ಷ ಬುಡಕಟ್ಟು ಜನರು ತಮ್ಮ ಜೀವನೋಪಾಯವನ್ನು ಕರಕುಶಲ ಕಲೆ ಮತ್ತು ಕೈಮಗ್ಗ, ನೇಕಾರಿಕೆ, ಲೋಹಶಿಲ್ಪ, ಗೃಹಾಲಂಕರಣ , ಆಭರಣ, ಬ್ಲಾಕ್ ಮುದ್ರಣ , ವರ್ಣಾಲಂಕರಣ ಇತ್ಯಾದಿಗಳ ಮೂಲಕ ಮಾಡಿಕೊಳ್ಳುತ್ತಾರೆ.	0.92188704	True	True	ದೇಶದಲ್ಲಿ ಪರಿವರ್ತನೆ ನಡೆಸುವ ವಿವಿಧ ಕ್ರಿಯೆಗಳನ್ನು ನಡೆಸುವ ಸಂಪ್ರದಾಯದಲ್ಲಿ ಸ್ವತಃ ಪ್ರವೀರ್ ಕೃಷ್ಣ ಉಲ್ಲೇಖಿಸಿದ್ದಾರೆ ಹಸುವಿನಲ್ಲಿ ಮನೆಯ ಸಜ್ಜೆ, ಜೋಡಿಯಲ್ಲಿ ವಸ್ತ್ರ ಹೊಯ್ಗಳ ಮೂಲಕ ಬದುಕಿದ್ದಾರೆ ಎಂದು.	ದೇಶದಲ್ಲಿ ಆದಿವಾಸಿಗಳು ಕೈಗೊಳ್ಳುವ ವಿವಿಧ ಚಟುವಟಿಕೆಗಳನ್ನು ಉಲ್ಲೇಖಿಸುತ್ತಾ, ಶ್ರೀ ಪ್ರವೀರ್ ಕೃಷ್ಣ ಅವರು ಸುಮಾರು 5 ಲಕ್ಷ ಆದಿವಾಸಿ ಕಲೆಗಾರರು ಹಸ್ತಶಿಲ್ಪ ಮತ್ತು ಹಸ್ತತಂತ್ರಗಳ ಮೂಲಕ ತಮ್ಮ ಜೀವನವನ್ನು ಸಾಗಿಸುತ್ತಿದ್ದಾರೆ ಎಂದು ಹೇಳಿದರು. ಅವರು ಹತ್ತಿ ನೂಲು ನೆಯುವುದು, ಲೋಹದ ಕಲೆಗಳು, ಗೃಹ ಅಲಂಕಾರ, ಆಭರಣ, ಬ್ಲಾಕ್ ಮುದ್ರಣ, ಆಭರಣ ಚಿತ್ರಕಲೆ ಮುಂತಾದವುಗಳಲ್ಲಿ ತೊಡಗಿಸಿಕೊಂಡಿದ್ದಾರೆ.	ದೇಶದಲ್ಲಿ ಆದಿವಾಸಿಗಳು ನಡೆಸುತ್ತಿರುವ ವಿವಿಧ ಚಟುವಟಿಕೆಗಳ ಬಗ್ಗೆ ಶ್ರೀ ಪ್ರವೀರ್ ಕೃಷ್ಣ ಹೇಳಿದ್ದು, ಸುಮಾರು 5 ಲಕ್ಷ ಆದಿವಾಸಿ ಕರಕುಶಲ ಕಲಾವಿದರು ಹ್ಯಾಂಡಿಕ್ರಾಫ್ಟ್ ಮತ್ತು ಹ್ಯಾಂಡ್ಲೂಮ್ ಮೂಲಕ ಜೀವನ ಸಾಗಿಸುತ್ತಿದ್ದು, ಟೆಕ್ಸ್ಟೈಲ್ ವೇವಿಂಗ್, ಮೆಟಲ್ ಕ್ರಾಫ್ಟ್ಸ್, ಹೋಮ್ ಡೆಕಾರ್, ಜ್ಯುಎಲರಿ, ಬ್ಲಾಕ್ ಪ್ರಿಂಟಿಂಗ್, ಆರ್ನಮೆಂಟಲ್ ಪೇಂಟಿಂಗ್ ಇತ್ಯಾದಿಗಳಲ್ಲಿ ತೊಡಗಿಸಿಕೊಂಡಿದ್ದಾರೆ.	0.7142	0.8059	0.7509
7376	[[0.90078104]]	Ex Showroom Price: INR 6.75 - 10.42 Lakhs	ಎಕ್ಸ್ ಶೋ ರೂಂ ದರ: 6.75 - 10.42 ಲಕ್ಷ ರು	0.90078104	False	True	ಪಥಕದ ಬೆಲೆ: INR 6.75 - 10.42 ಲಕ್ಷ್‌ಗಳು	ಎಕ್ಸ್ ಶೋ ರೂಮ್ ಬೆಲೆ: INR 6.75 - 10.42 ಲಕ್ಷಗಳು	ಪ್ರದರ್ಶನಾಲಯದ ಬೆಲೆ: ರೂ. 6.75 - 10.42 ಲಕ್ಷಗಳು	0.8324	0.8912	0.8113
7390	[[0.9093778]]	"""""""""""""""""""""""""""""""I hope that IPL happens soon, till then I will keep myself fit,"""""""""""""""" said Harbhajan."""""""""""""""	"""""""""""""""""""""""""""""""ಐಪಿಎಲ್ ಶೀಘ್ರದಲ್ಲೇ ನಡೆಯಬಹುದೇನೋ ಎಂದು ನಾನು ಭಾವಿಸುತ್ತೇನೆ ಅಲ್ಲಿಯವರೆಗೆ ನಾನು ಫಿಟ್ ಆಗಿರುತ್ತೇನೆ ಎಂದು ಹರ್ಭಜನ್ ಹೇಳಿದ್ದಾರೆ."""""""""""""""	0.9093778	True	True	"""""""ಐಪಿಎಲ್ ಬೇಗನೆ ನಡೆಯಲು ನಾನು ನಿರ್ಧರಿಸಿದ್ದೇನೆ, ಅದಕ್ಕೆ ಹರ್ಭಜಾನ್ ಹೇಳಿದರು."""""""	"""""""""""""""""""""""""""""""ಐಪಿಎಲ್ ಶೀಘ್ರದಲ್ಲೇ ನಡೆಯಬಲ್ಲದು ಎಂದು ನಾನು ಭಾವಿಸುತ್ತೇನೆ, ಆಗುವವರೆಗೂ ನಾನು ನನ್ನನ್ನು ಫಿಟ್ ಆಗಿ ಇಟ್ಟುಕೊಳ್ಳುತ್ತೇನೆ,"""""""""""""""""""" ಎಂದರು ಹರಭಜನ್."""	"""""""ಆರ್ಥಿಕ ಪಂದ್ಯಾವಳಿ ಶೀಘ್ರದಲ್ಲೇ ನಡೆಯಲಿ ಎಂದು ನಾನು ಆಶಿಸುತ್ತೇನೆ, ಅದು ನಡೆಯುವವರೆಗೆ ನಾನು ಸ್ವಯಂ ಸ್ಫೂರ್ತಿಯನ್ನು ಕಾಪಾಡಿಕೊಳ್ಳುತ್ತೇನೆ"""" ಎಂದು ಹರ್ಭಜನ್ ಹೇಳಿದ್ದಾರೆ."""	0.7735	0.8883	0.7652
7523	[[0.9017979]]	The movie starred Vidya Balan and Emraan Hashmi in the lead role.	ವಿದ್ಯಾ ಬಾಲನ್‌ ಮತ್ತು ಇಮ್ರಾನ್‌ ಹಶ್ಮಿ ಈ ಚಿತ್ರದ ಪ್ರಧಾನ ಭೂಮಿಕೆಯಲ್ಲಿದ್ದಾರೆ.	0.9017979	True	True	ಈ ಚಲನಚಿತ್ರವನ್ನು ವಿದ್ಯಾ ಬಾಲನ್ ಮತ್ತು ಎಮ್ರಾನ್ ಹಾಷ್ಮಿ ಪ್ರಮುಖ ಪಾತ್ರಗಳಲ್ಲಿ ನಟಿಸಿತು.	ಆ ಚಲನಚಿತ್ರದಲ್ಲಿ ವಿದ್ಯಾ ಬಾಲನ್ ಮತ್ತು ಇಮ್ರಾನ್ ಹಶ್ಮಿ ಮುಖ್ಯ ಪಾತ್ರಗಳಲ್ಲಿ ನಟಿಸಿದರು.	ಚಿತ್ರದಲ್ಲಿ ವಿದ್ಯಾ ಬಾಲನ್ ಮತ್ತು ಎಮ್ರಾನ್ ಹಾಶ್ಮಿ ಪ್ರಮುಖ ಪಾತ್ರದಲ್ಲಿ ನಟಿಸಿದ್ದಾರೆ.	0.8502	0.8622	0.8682
7546	[[0.9207926]]	The Union Cabinet chaired by the Prime Minister Shri Narendra Modi has approved the National Mineral Exploration Policy (NMEP).	ಪ್ರಧಾನಮಂತ್ರಿ ಶ್ರೀ ನರೇಂದ್ರ ಮೋದಿ ಅವರ ಅಧ್ಯಕ್ಷತೆಯಲ್ಲಿ ನಡೆದ ಕೇಂದ್ರ ಸಚಿವ ಸಂಪುಟ ಸಭೆ, ರಾಷ್ಟ್ರೀಯ ಖನಿಜ ಪರಿಶೋಧನೆ ನೀತಿ (ಎನ್.ಎಂ.ಇ.ಪಿ.)ಗೆ ತನ್ನ ಅನುಮೋದನೆ ನೀಡಿದೆ.	0.9207926	True	True	ಪ್ರಧಾನಿ ಶ್ರೀ ನರೇಂದ್ರ ಮೋದಿ ಅಧ್ಯಕ್ಷತೆಯ ಸಹಕಾರದಿಂದ ಸಂಘ ಮಂತ್ರಿ ಕ್ಯಾಬಿನೆಟ್ ರಾಷ್ಟ್ರೀಯ ಖನಿಗಗಳ ಅನ್ವೇಷಣಾ ನೀತಿಯನ್ನು (ಎನ್ಎಮ್ಈಪಿ) ಅನುಮೋದಿಸಿದೆ.	ಪ್ರಧಾನಮಂತ್ರಿ ಶ್ರೀ ನರೇಂದ್ರ ಮೋದಿ ಅವರ ಅಧ್ಯಕ್ಷತೆಯಲ್ಲಿ ನಡೆದ ಕೇಂದ್ರ ಸಚಿವ ಸಂಪುಟವು ರಾಷ್ಟ್ರೀಯ ಖನಿಜ ಅನ್ವೇಷಣಾ ನೀತಿ (NMEP)ಗೆ ಅನುಮೋದನೆ ನೀಡಿದೆ.	ಪ್ರಧಾನ ಮಂತ್ರಿ ಶ್ರೀ ನರೇಂದ್ರ ಮೋದಿಯವರು ಅಧ್ಯಕ್ಷತೆಯಲ್ಲಿ ಸಭೆ ಸೇರಿದ ಕೇಂದ್ರ ಮಂತ್ರಿಮಂಡಲವು ರಾಷ್ಟ್ರೀಯ ಖನಿಜ ಅನ್ವೇಷಣಾ ನೀತಿ (ಎನ್‍ಎಂ‍ಇ‍ಪಿ) ಅನ್ನು ಅಂಗೀಕರಿಸಿದೆ.	0.8277	0.9151	0.8546
7605	[[0.9314455]]	Indian port industry loses out upto Rs 1,500 Crores of revenues each year.	ಭಾರತೀಯ ಬಂದರು ಕೈಗಾರಿಕೆ ಪ್ರತಿ ವರ್ಷ 1500 ಕೋಟಿ ರೂಪಾಯಿಗಳವರೆಗೆ ಆದಾಯ ನಷ್ಟ ಅನುಭವಿಸುತ್ತಿದೆ.	0.9314455	True	True	ಭಾರತೀಯ ಪೋರ್ಟ್ ಉದ್ಯಮವು ಪ್ರತಿ ವರ್ಷ ಸುಮಾರು 1,500 ಕೋಟಿ ರೂಪಾಯಿಗಳ ಆದಾಯವನ್ನು ಕೊಳ್ಳುತ್ತಿಲ್ಲ.	ಭಾರತೀಯ ಬಂದರು ಉದ್ಯಮವು ಪ್ರತಿ ವರ್ಷವು ಸುಮಾರು ರೂ 1,500 ಕೋಟಿಗಳ ಆದಾಯವನ್ನು ಕಳೆದುಕೊಳ್ಳುತ್ತದೆ.	ಪ್ರತಿ ವರ್ಷ ಭಾರತೀಯ ಬಂದರು ಉದ್ಯಮ ರೂ. 1,500 ಕೋಟಿ ಆದಾಯವನ್ನು ಕಳೆದುಕೊಳ್ಳುತ್ತದೆ.	0.8292	0.8171	0.8122
7609	[[0.9216968]]	Last month, the lenders committed a fund infusion of 1,500 crore, which was conditional on the resignation of Goyal from the board.	ಕಳೆದ ತಿಂಗಳು, ಸಾಲದಾತರು ₹ 1,500 ಕೋಟಿ ಹಣದ ದ್ರಾವಣವನ್ನು ಮಾಡಿದರು, ಇದು ಮಂಡಳಿಯಿಂದ ಗೋಯಲ್ನ ರಾಜೀನಾಮೆಗೆ ಷರತ್ತುಬದ್ಧವಾಗಿತ್ತು.	0.9216968	True	True	ಕಳೆದ ತಿಂಗಳು, ರಕ್ಕಸರು ಗೋಯಲ್ ಅನ್ನು ಸಮಿತಿಯಿಂದ ತೊಯ್ದು, 1,500 ಕೋಟಿಯ ಅಂತರರಾಶಿಯ ಹರಿವನ್ನು ಸಾಗಿಸಲಾಯಿತು.	ಕಳೆದ ತಿಂಗಳು, ಸಾಲದಾತರು 1,500 ಕೋಟಿ ರೂಪಾಯಿಗಳ ನಿಧಿ ಪೂರಕತೆಗೆ ಒಪ್ಪಿಕೊಂಡಿದ್ದರು, ಇದಕ್ಕೆ ಗೋಯಲ್ ಅವರು ಮಂಡಳಿಯಿಂದ ರಾಜೀನಾಮೆ ನೀಡುವ ಶರತ್ತು ಇತ್ತು.	ಕಳೆದ ತಿಂಗಳು, ಸಾಲಗಾರರು 1,500 ಕೋಟಿ ಹಣವನ್ನು ಹೂಡಿದರು, ಇದು ಗೋಯಲ್ ಅವರು ಮಂಡಳಿಯಿಂದ ರಾಜೀನಾಮೆ ನೀಡುವ ಷರತ್ತಿನ ಮೇಲೆ ಅವಲಂಬಿತವಾಗಿತ್ತು.	0.7954	0.8569	0.8872
7682	[[0.9063741]]	Prime Minister Shri Narendra Modi performed Bhoomi Pujan at Shree Ram Janmabhoomi Mandir at Ayodhya today.	ಪ್ರಧಾನಿ ಶ್ರೀ ನರೇಂದ್ರ ಮೋದಿ ಅವರು ಇಂದು ಅಯೋಧ್ಯೆಯಲ್ಲಿಶ್ರೀ ರಾಮ ಜನ್ಮಭೂಮಿ ಮಂದಿರ ದ ಭೂಮಿ ಪೂಜೆ ನೆರವೇರಿಸಿದರು.	0.9063741	True	True	ಪ್ರಧಾನಮಂತ್ರಿ ಶ್ರೀ ನರೇಂದ್ರ ಮೋದಿ ಇಂದು ಅಯೋಧ್ಯಾದಲ್ಲಿ ಶ್ರೀ ರಾಮ ಜನ್ಮಭೂಮಿ ಮಂದಿರದಲ್ಲಿ ಭೂಮಿ ಪೂಜೆ ನಡೆಸಿದರು.	ಪ್ರಧಾನ ಮಂತ್ರಿ ಶ್ರೀ ನರೇಂದ್ರ ಮೋದಿ ಅವರು ಇಂದು ಅಯೋಧ್ಯಾದ ಶ್ರೀರಾಮ ಜನ್ಮಭೂಮಿಯ ದೇವಸ್ಥಾನದಲ್ಲಿ ಭೂಮಿ ಪೂಜೆಯನ್ನು ನೆರವೇರಿಸಿದರು.	ಪ್ರಧಾನ ಮಂತ್ರಿ ಶ್ರೀ ನರೇಂದ್ರ ಮೋದಿ ಅವರು ಇಂದು ಅಯೋಧ್ಯೆಯಲ್ಲಿರುವ ಶ್ರೀ ರಾಮ ಜನ್ಮಭೂಮಿ ಮಂದಿರದಲ್ಲಿ ಭೂಮಿ ಪೂಜನ್ ನೆರವೇರಿಸಿದರು.	0.9023	0.8936	0.9265
7712	[[0.9285769]]	The city hosts several annual festivals, such as the Bratislava Music Festival and Bratislava Jazz Days.	ಬ್ರಾಟಿಸ್ಲಾವಾ ಸಂಗೀತೋತ್ಸವ ಮತ್ತು ಬ್ರಾಟಿಸ್ಲಾವಾ ಜಾಜ್‌ ಡೇಸ್‌ನಂಥ ಹಲವಾರು ವಾರ್ಷಿಕ ಉತ್ಸವಗಳನ್ನು ನಗರವು ಆಯೋಜಿಸುತ್ತದೆ.	0.9285769	True	True	ನಗರವು ಬ್ರಾಟಿಸ್ಲಾವ ಸಂಗೀತೋತ್ಸವ ಮತ್ತು ಬ್ರಾಟಿಸ್ಲಾವ ಜ್ಯಾಜ್ ಡೇಸ್ ಪ್ರಮುಖ ವಾರ್ಷಿಕ ಉತ್ಸವಗಳನ್ನು ನಡೆಸುತ್ತದೆ.	ನಗರವು ಬ್ರಾಟಿಸ್ಲಾವಾ ಸಂಗೀತ ಹಬ್ಬ ಮತ್ತು ಬ್ರಾಟಿಸ್ಲಾವಾ ಜಾಜ್ ದಿನಗಳು ಸೇರಿದಂತೆ ಹಲವಾರು ವಾರ್ಷಿಕ ಹಬ್ಬಗಳನ್ನು ಆಯೋಜಿಸುತ್ತದೆ.	ನಗರವು ಬ್ರಾಟಿಸ್ಲಾವಾ ಸಂಗೀತ ಉತ್ಸವ ಮತ್ತು ಬ್ರಾಟಿಸ್ಲಾವಾ ಜಾಝ್ ದಿನಗಳು ಸೇರಿದಂತೆ ವಿವಿಧ ವಾರ್ಷಿಕ ಉತ್ಸವಗಳನ್ನು ಆಯೋಜಿಸುತ್ತದೆ.	0.9211	0.9174	0.9228
7720	[[0.90210557]]	Section 377 of IPC states voluntarily carnal intercourse with any man, woman or animal as an unnatural offence.	ಯಾವುದೇ ಗಂಡು, ಹೆಣ್ಣು ಅಥವಾ ಪ್ರಾಣಿಯ ಜತೆಗೆ ನಿಸರ್ಗದ ವಿರುದ್ಧವಾಗಿ ಸ್ವಯಂ ಪ್ರೇರಣೆಯಿಂದಲೂ ಲೈಂಗಿಕ ಸಂಪರ್ಕ ನಡೆಸುವುದು ಅಪರಾಧ ಎಂದು ಐಪಿಸಿ 377 ಸೆಕ್ಷನ್‌ ಹೇಳುತ್ತದೆ.	0.90210557	True	True	ಐಪಿಸಿಯ 377ರ ವಿಭಾಗವು ಯಾವುದೇ ಪುರುಷ, ಸ್ತ್ರೀ ಅಥವಾ ಪ್ರಾಣಿಯೊಡನೆ ಸ್ವಾಯತ್ತದಿಂದ ಸ್ಥೂಲ ಸಂಬಂಧವನ್ನು ಅಸ್ವಾಭಾವಿಕ ಪಾಪಕ್ಕೆ ಹೇಳುತ್ತದೆ.	ಐಪಿಸಿ ಸೆಕ್ಷನ್ 377 ಪ್ರಕಾರ, ಯಾವುದೇ ಪುರುಷ, ಮಹಿಳೆ ಅಥವಾ ಪ್ರಾಣಿಯೊಂದಿಗೆ ಸ್ವಯಂ ಪ್ರೇರಿತ ಲೈಂಗಿಕ ಸಂಪರ್ಕವು ಪ್ರಾಕೃತಿಕವಲ್ಲದ ಅಪರಾಧವಾಗಿದೆ.	ಐಪಿಸಿಯ ಸೆಕ್ಷನ್ 377 ರಲ್ಲಿ ಯಾವುದೇ ಪುರುಷ, ಸ್ತ್ರೀ ಅಥವಾ ಪ್ರಾಣಿಯೊಂದಿಗೆ ಸ್ವಇಚ್ಛೆಯಿಂದ ಕಾಮೋತ್ತೇಜಕ ಸಂಭೋಗವನ್ನು ಅನೈಸರ್ಗಿಕ ಅಪರಾಧವೆಂದು ಘೋಷಿಸಲಾಗಿದೆ.	0.7824	0.8388	0.8028
7744	[[0.92563987]]	The important celebrations on this day take place at Ayodhya and Sita Samahit Sthal (Uttar Pradesh), Sitamarhi (Bihar), Janakpurdham (Nepal), Bhadrachalam (Telangana), Kodandarama Temple, Vontimitta (Andhra Pradesh), Ramanathaswamy temple, Rameswaram (Tamil Nadu),Vaduvur Sri Kothandaramaswamy Temple (Tamilnadu), Eri Katha Ramar temple, Maduranthakam(Tamil Nadu).	ಈ ದಿನದ ಪ್ರಮುಖ ಆಚರಣೆಗಳು ಅಯೋಧ್ಯೆ ಮತ್ತು ಸೀತಾ ಸಮಾಹಿತ್ ಸ್ಥಲ್ (ಉತ್ತರ ಪ್ರದೇಶ), ಸೀತಮಾರ್ಹಿ (ಬಿಹಾರ), ಜನಕ್ಪುರ್ಧಮ್ (ನೇಪಾಳ), ಭದ್ರಾಚಲಂ (ತೆಲಂಗಾಣ), ಕೋದಂಡರಾಮ ದೇವಸ್ಥಾನ, ವೊಂಟಿಮಿಟ್ಟಾ (ಆಂಧ್ರಪ್ರದೇಶ) ಮತ್ತು ರಾಮೇಶ್ವರಂ(ತಮಿಳುನಾಡು)ನಲ್ಲಿ ಕಾಣಬಹುದು.	0.92563987	True	True	ಈ ದಿನದ ಮುಖ್ಯ ಆಚರಣೆಗಳು ಆಯೋಧ್ಯಾ ಮತ್ತು ಸೀತಾ ಸಮಾಹಿತ್ ಸ್ಥಲ (ಉತ್ತರ ಪ್ರದೇಶ), ಸೀತಾಮಾರಿ (ಬಿಹಾರ), ಜಾನಕಪುರಧಾಮ (ನೇಪಾಳ), ಭದ್ರಾಚಲಂ (ತೆಲಂಗಾಣ), ಕೋಡಂಡರಾಮ ದೇವಸ್ಥಾನ, ವೊಂಟಿಮಿತ್ತ (ಆಂಧ್ರ ಪ್ರದೇಶ), ರಾಮನಾಥಸ್ವಾಮಿ ದೇವಸ್ಥಾನ, ರಾಮೇಶ್ವರಂ (ತಮಿಳು ನಾಡು), ವಡುವೂರ್ ಶ್ರೀ ಕೋತಂಡರಾಮಸ್ವಾಮಿ ದೇವಸ್ಥಾನ (ತಮಿಳು ನಾಡು), ಎರಿ ಕಥಾ ರಾಮಾರ ದೇವಸ್ಥಾನ, ಮದುರಾಂತಕಂ (ತಮಿಳು ನಾಡು) ನಲ್ಲಿ ನಡೆಯುತ್ತದೆ.	ಈ ದಿನದ ಪ್ರಮುಖ ಆಚರಣೆಗಳು ಅಯೋಧ್ಯಾ ಮತ್ತು ಸೀತಾ ಸಮಾಹಿತ್ ಸ್ಥಳ (ಉತ್ತರ ಪ್ರದೇಶ), ಸೀತಾಮಣಿ (ಬಿಹಾರ), ಜನಕಪುರಧಾಮ್ (ನೇಪಾಳ), ಭದ್ರಾಚಲಂ (ತೆಲಂಗಾಣ), ಕೊಡಂಡರಾಮ ದೇವಸ್ಥಾನ, ವೊಂಟಿಮಿಟ್ಟ (ಆಂಧ್ರ ಪ್ರದೇಶ), ರಾಮನಾಥಸ್ವಾಮಿ ದೇವಸ್ಥಾನ, ರಾಮೇಶ್ವರಂ (ತಮಿಳುನಾಡು), ವಡುವೂರು ಶ್ರೀ ಕೋದಂಡರಾಮಸ್ವಾಮಿ ದೇವಸ್ಥಾನ (ತಮಿಳುನಾಡು), ಎರಿ ಕாத்த ರಾಮರ್ ದೇವಸ್ಥಾನ, ಮದುರಾಂತಕಂ (ತಮಿಳುನಾಡು)ಗಳಲ್ಲಿ ನಡೆಯುತ್ತವೆ.	ಈ ದಿನದ ಮುಖ್ಯ ಆಚರಣೆಗಳು ಅಯೋಧ್ಯೆಯಲ್ಲಿ ಮತ್ತು ಸೀತಾ ಸಮಾಧಿ ಸ್ಥಳದಲ್ಲಿ (ಉತ್ತರ ಪ್ರದೇಶ), ಸೀತಾಮರ್ಹಿಯಲ್ಲಿ (ಬಿಹಾರ), ಜನಕ್ಪುರ್ಧಾಮದಲ್ಲಿ (ನೇಪಾಳ), ಭದ್ರಾಚಲಂನಲ್ಲಿ (ತೆಲಂಗಾಣ), ಕೋದಂಡರಾಮ ದೇವಾಲಯದಲ್ಲಿ, ವೊಂಟಿಮಿಟ್ಟಾದಲ್ಲಿ (ಆಂಧ್ರ ಪ್ರದೇಶ), ರಾಮನಾಥಸ್ವಾಮಿ ದೇವಾಲಯದಲ್ಲಿ, ರಾಮೇಶ್ವರಂನಲ್ಲಿ (ತಮಿಳು ನಾಡು), ವಾಡುವೂರ್ ಶ್ರೀ ಕೋತಂಡರಾಮಸ್ವಾಮಿ ದೇವಾಲಯದಲ್ಲಿ (ತಮಿಳು ನಾಡು), ಎರಿ ಕಥಾ ರಾಮರ್ ದೇವಾಲಯದಲ್ಲಿ, ಮದುರಂತಕಂನಲ್ಲಿ (ತಮಿಳು ನಾಡು).	0.8753	0.9013	0.8822
7778	[[0.9409333]]	Youth president of Rajkot Maheshwari Samaj, Bhavesh Maheshwari, said the organisation has helped more than 90 couples from Pakistan, mostly from Karachi, to tie the knot and settle down in India.	ರಾಜ್‌ಕೋಟ್ ಮಹೇಶ್ವರಿ ಸಮಾಜದ ಯುವ ಅಧ್ಯಕ್ಷ ಭವೇಶ್ ಮಹೇಶ್ವರಿ ಮಾತನಾಡಿ, ಪಾಕಿಸ್ತಾನದ 90 ಕ್ಕೂ ಹೆಚ್ಚು ಜೋಡಿಗಳಿಗೆ ಹೆಚ್ಚಾಗಿ ಕರಾಚಿ ಮೂಲದವರಿಗೆ ವಿವಾಹವಾಗಿ ಭಾರತದಲ್ಲಿ ನೆಲೆಸಲು ಈ ಸಂಸ್ಥೆ ಸಹಾಯ ಮಾಡಿದೆ ಎಂದಿದ್ದಾರೆ.	0.9409333	True	True	ರಾಜಕೋಟ್ ಮಹೇಶ್ವರಿ ಸಮಾಜದ ಯುವಕ ಅಧ್ಯಕ್ಷ ಭವೇಶ್ ಮಹೇಶ್ವರಿ ಹೇಳಿದ್ದರು, ಸಂಸ್ಥೆಯು ಪಾಕಿಸ್ತಾನದಿಂದ ಅಧಿಕಾಂಶವನ್ನು ಕರಾಚಿಯಿಂದ ಬಂದ 90 ಜೋಡಿಗಳಿಗೆ ಮದುವೆ ಮಾಡಿ ಭಾರತದಲ್ಲಿ ನಿವಸಿಸುವುದರಲ್ಲಿ ನೆರವು ನೀಡಿದೆ.	ರಾಜ್ಕೋಟ್ ಮಹೇಶ್ವರಿ ಸಮಾಜದ ಯುವ ಅಧ್ಯಕ್ಷ ಭವೇಶ್ ಮಹೇಶ್ವರಿ ಅವರು, ಈ ಸಂಸ್ಥೆ ಪಾಕಿಸ್ತಾನದಿಂದ, ಮುಖ್ಯವಾಗಿ ಕರಾಚಿಯಿಂದ, 90 ಗಿಂತ ಹೆಚ್ಚು ಜೋಡಿಗಳಿಗೆ ವಿವಾಹ ನೆರವಾಗಿ ಅವರಿಗೆ ಭಾರತದಲ್ಲಿ ನೆಲೆಸಲು ಸಹಾಯ ಮಾಡಿದೆ ಎಂದು ಹೇಳಿದರು.	ರಾಜ್ಕೋಟ್ ಮಹೇಶ್ವರಿ ಸಮಾಜದ ಯುವ ಅಧ್ಯಕ್ಷ ಭವೇಶ್ ಮಹೇಶ್ವರಿ ಹೇಳಿದ್ದೇನೆಂದರೆ, ಸಂಸ್ಥೆಯು ಪಾಕಿಸ್ತಾನದಿಂದ ಬಹುತೇಕ ಕರಾಚಿಯಿಂದ ಬಂದ 90ಕ್ಕೂ ಹೆಚ್ಚು ದಂಪತಿಗಳಿಗೆ ಭಾರತದಲ್ಲಿ ನೆಲೆಸುವಂತೆ ಮದುವೆ ಮಾಡಿಸಿದೆ.	0.8479	0.9001	0.8680
7905	[[0.9003488]]	Hebrews 5: 8 states: Although he was a Son [of God], he learned obedience from the things he suffered.	ಇಬ್ರಿಯ 5: 8 ಹೇಳುವುದು: “ಹೀಗೆ ಆತನು [ದೇವರ] ಮಗನಾಗಿದ್ದರೂ ಅನುಭವಿಸಿದ ಬಾಧೆಗಳಿಂದಲೇ ವಿಧೇಯತೆಯನ್ನು ಕಲಿತುಕೊಂಡನು. ”	0.9003488	True	True	ಹೀಬ್ರೂಗಳು 5: 8 ಹೇಳುತ್ತದೆ: ಅವನು ದೇವರ ಮಗನಾಗಿದ್ದ ಪರಿ, ಅವನು ತನ್ನ ಅನುಭವಗಳಿಂದ ಅಂಗೀಕಾರವನ್ನು ಕಲಿತನು.	ಹೀಬ್ರೂ 5:8 ಈ ರೀತಿಯಾಗಿದೆ: ಆತನಿಗೆ ದೇವರ ಪುತ್ರನಾಗಿದ್ದರೂ, ಆತನು ಅನುಭವಿಸಿದ ದುಃಖಗಳಿಂದ ವಿಧೇಯತೆಯನ್ನು ಕಲಿತನು.	ದೇವನ ಪುತ್ರನಾಗಿದ್ದರೂ ಅವನು ಅನುಭವಿಸಿದ ವೇದನೆಗಳಿಂದ ಅವನು ಒಳಗೊಳ್ಳುವಿಕೆಯನ್ನು ಕಲಿತನು.	0.8084	0.8485	0.7502
7960	[[0.9107777]]	We feel spiritually secure because we know that Jehovah is always ready to help us. Psalm 90: 1.	ಯೆಹೋವನು ಸಹಾಯಮಾಡಲು ಸದಾ ಸಿದ್ಧನಿದ್ದಾನೆಂದು ನಮಗೆ ತಿಳಿದಿರುವುದರಿಂದ ನಮಗೆ ಆಧ್ಯಾತ್ಮಿಕ ಭದ್ರತೆಯ ಅನಿಸಿಕೆ ಇದೆ. ​ —⁠ ಕೀರ್ತನೆ 90 :⁠ 1.	0.9107777	True	True	ಯಾವಾಗಲೂ ನಮ್ಮ ಸಹಾಯಕನಾಗಿರುವ ಯೆಹೋವಾ ಸಲ್ಲಿಗೆ 90: 1 ಅನ್ನು ನಾವು ಬಲವಾಗಿ ಭಾವಿಸುತ್ತಿದ್ದೇವೆ.	"""""""ಯೆಹೋವನು ಯಾವಾಗಲೂ ನಮಗೆ ಸಹಾಯ ಮಾಡಲು ಸಿದ್ಧನಾಗಿರುವುದನ್ನು ನಾವು ತಿಳಿದಿರುವುದರಿಂದ ನಾವು ಆತ್ಮೀಕವಾಗಿ ಭದ್ರತೆಯನ್ನು ಅನುಭವಿಸುತ್ತೇವೆ. ಕೀರ್ತನೆ 90:1."""""""	ನಾವು ಆಧ್ಯಾತ್ಮಿಕವಾಗಿ ಭದ್ರರಾಗಿದ್ದೇವೆ, ಏಕೆಂದರೆ ಯೆಹೋವಾ ನಮ್ಮನ್ನು ಸಹಾಯ ಮಾಡಲು ಸದಾ ಸಿದ್ಧರಾಗಿದ್ದಾರೆ. ಸಂಗೀತ 90: 1.	0.7080	0.8298	0.8073
8023	[[0.934138]]	Squad: Dinesh Chandimal (captain), Dimuth Karunaratne, Dhananjaya de Silva, Sadeera Samarawickrema, Angelo Mathews, Lahiru Thirimnne, Rangana Herath, Suranga Lakmal, Dilruwan Perera, Lahiru Gamage, Lakshan Sandakan, Vishwa Fernanado, Dasun Shanaka, Niroshan Dickwella and Roshen Silva.	ತಂಡ: ದಿನೇಶ್ ಚಾಂಡಿಮಲ್(ನಾಯಕ), ದಿಮುತ್ ಕರುಣರತ್ನೆ, ಧನಂಜಯ ಡಿ ಸಿಲ್ವಾ, ಸದೀರಾ ಸಮರವಿಕ್ರಮ, ಲಾಹಿರು ತಿರಿಮನ್ನೆ, ರಂಗನಾ ಹೆರಾತ್, ಸುರಂಗಾ ಲಕ್ಮಲ್, ದಿಲ್ರುವಾನ್ ಪೆರೇರಾ, ಲಾಹಿರು ಗಮಗೆ, ಏಂಜೆಲೋ ಮ್ಯಾಥ್ಯೂಸ್, ಲಕ್ಷಣ್ ಸಂಡಕನ್, ವಿಶ್ವ ಫೆರ್ನಾಂಡೊ, ದಸುನ್ ಶನಕಾ, ನಿರೋಶಾನ್ ಡಿಕ್​ವೆಲ್ಲಾ, ರೋಶನ್ ಸಿಲ್ವಾ.	0.934138	True	True	ಸ್ಕ್ವಾಡ್: ದಿನೇಶ್ ಚಂದಿಮಲ್ (ಕ್ಯಾಪ್ಟನ್), ದಿಮುತ್ ಕರುನಾರತ್ನೆ, ಧನಂಜಯ ದೇ ಸಿಲ್ವಾ, ಸದೀರ ಸಮರವಿಕ್ರಮ, ಆಂಜೆಲೋ ಮ್ಯಾಥ್ಯೂಸ್, ಲಹಿರು ತಿರಿಮ್ನೆ, ರಂಗನ ಹೆರತ್, ಸುರಂಗ ಲಕ್ಮಲ್, ದಿಲ್ರುವಣ್ ಪೆರೇರ, ಲಹಿರು ಗಮಾಗೆ, ಲಕ್ಷಣ್ ಸಂದಕನ್, ವಿಶ್ವ ಫರ್ನಾಂಡೋ, ದಸುನ್ ಶನಕ, ನಿರೋಶನ್ ಡಿಕ್ವೆಲ್ಲ, ಮತ್ತು ರೋಷೆನ್ ಸಿಲ್ವಾ.	ತಂಡ: ದಿನೇಶ್ ಚಂದಿಮಲ್ (ನಾಯಕರ), ದಿಮುಥ್ ಕರುನಾರತ್ನೆ, ಧನಂಜಯ ಡಿ ಸಿಲ್ವಾ, ಸದೀರ ಸಮರವಿಕ್ರಮ, ಆಂಜೆಲೋ ಮೆಥ್ಯೂಸ್, ಲಹಿರು ತಿರಿಮನ್ನೆ, ರಂಗನ ಹೇರತ್, ಸುರಂಗ ಲಕ್ಮಲ್, ದಿಲ್ರುವನ್ ಪೆರೇರಾ, ಲಹಿರು ಗಮಗೆ, ಲಕ್ಷಣ ಸಂದಕನ್, ವಿಶ್ವ ಫರ್ನಾನ್ದೊ, ದಾಸುನ್ ಶನಕ, ನೀರೋಷನ್ ಡಿಕ್‌ವೆಲ್ಲ ಮತ್ತು ರೋಷೆನ್ ಸಿಲ್ವಾ.	ಸ್ಕ್ವಾಡ್: ದಿನೇಶ್ ಚಂಡಿಮಾಲ್ (ನಾಯಕ), ದಿಮುತ್ ಕರುಣಾರತ್ನೆ, ಧನಂಜಯ ದೆ ಸಿಲ್ವಾ, ಸದೀರ ಸಮರವಿಕ್ರಮ, ಆಂಜೆಲೊ ಮ್ಯಾಥ್ಯೂಸ್, ಲಹಿರು ತಿರಿಮನ್ನೆ, ರಂಗನ ಹೇರತ್, ಸುರಂಗ ಲಕ್ಮಾಲ್, ದಿಲ್ರುವನ್ ಪೆರೇರಾ, ಲಹಿರು ಗಾಮಾಜೆ, ಲಕ್ಷಣ್ ಸಂದಕನ್, ವಿಶ್ವ ಫೆರ್ನಾಂಡೊ, ದಸುನ್ ಶಾನಕ, ನಿರೋಶನ್ ಡಿಕ್ವೆಲ್ಲಾ ಮತ್ತು ರೋಶನ್ ಸಿಲ್ವಾ.	0.9016	0.9215	0.9258
